TIME,AX,AY,AZ,GX,GY,GZ,FSR1,FSR2,FSR3,FSR4,LABEL
1775839014.3671584,0.0,0.0,0.0,0.0,0.0,0.0,4095.0,4095.0,4095.0,4095.0,straight_drive
1775839014.3728883,0.0,0.0,0.0,0.0,0.0,0.0,4095.0,4095.0,4095.0,4095.0,straight_drive
1775839014.3775625,0.0,0.0,0.0,0.0,0.0,0.0,4095.0,4095.0,4095.0,4095.0,straight_drive
1775839014.4033363,0.0,0.0,0.0,0.0,0.0,0.0,4095.0,4095.0,4095.0,4095.0,straight_drive
1775839014.4272797,0.0,0.0,0.0,0.0,0.0,0.0,4095.0,4095.0,4095.0,4095.0,straight_drive
1775839014.442994,0.0,0.0,0.0,0.0,0.0,0.0,4095.0,4095.0,4095.0,4095.0,straight_drive
1775839014.4584537,0.0,0.0,0.0,0.0,0.0,0.0,4095.0,4095.0,4095.0,4095.0,straight_drive
1775839014.4632385,0.0,0.0,0.0,0.0,0.0,0.0,4095.0,4095.0,4095.0,4095.0,straight_drive
1775839014.467365,0.0,0.0,0.0,0.0,0.0,0.0,4095.0,4095.0,4095.0,4095.0,straight_drive
1775839014.4878392,0.0,0.0,0.0,0.0,0.0,0.0,4095.0,4095.0,4095.0,4095.0,straight_drive
1775839014.4912572,0.0,0.0,0.0,0.0,0.0,0.0,4095.0,4095.0,4095.0,4095.0,straight_drive
1775839014.4944768,0.0,0.0,0.0,0.0,0.0,0.0,4095.0,4095.0,4095.0,4095.0,straight_drive
1775839014.4972641,0.0,0.0,0.0,0.0,0.0,0.0,4095.0,4095.0,4095.0,4095.0,straight_drive
1775839014.500114,0.0,0.0,0.0,0.0,0.0,0.0,4095.0,4095.0,4095.0,4095.0,straight_drive
1775839014.504124,0.0,0.0,0.0,0.0,0.0,0.0,4095.0,4095.0,4095.0,4095.0,straight_drive
1775839014.519673,0.0,0.0,0.0,0.0,0.0,0.0,4095.0,4095.0,4095.0,4095.0,straight_drive
1775839014.535217,0.0,0.0,0.0,0.0,0.0,0.0,4095.0,4095.0,4095.0,4095.0,straight_drive
1775839014.5512831,0.0,0.0,0.0,0.0,0.0,0.0,4095.0,4095.0,4095.0,4095.0,straight_drive
1775839014.5662618,0.0,0.0,0.0,0.0,0.0,0.0,4095.0,4095.0,4095.0,4095.0,straight_drive
1775839014.5706897,0.0,0.0,0.0,0.0,0.0,0.0,4095.0,4095.0,4095.0,4095.0,straight_drive
1775839014.575724,0.0,0.0,0.0,0.0,0.0,0.0,4095.0,4095.0,4095.0,4095.0,straight_drive
1775839014.5974286,0.0,0.0,0.0,0.0,0.0,0.0,4095.0,4095.0,4095.0,4095.0,straight_drive
1775839014.63157,0.0,0.0,0.0,0.0,0.0,0.0,4095.0,4095.0,4095.0,4095.0,straight_drive
1775839014.6354027,0.0,0.0,0.0,0.0,0.0,0.0,4095.0,4095.0,4095.0,4095.0,straight_drive
1775839014.6387274,0.0,0.0,0.0,0.0,0.0,0.0,4095.0,4095.0,4095.0,4095.0,straight_drive
1775839014.6424108,0.0,0.0,0.0,0.0,0.0,0.0,4095.0,4095.0,4095.0,4095.0,straight_drive
1775839014.658713,0.0,0.0,0.0,0.0,0.0,0.0,4095.0,4095.0,4095.0,4095.0,straight_drive
1775839014.6741645,0.0,0.0,0.0,0.0,0.0,0.0,4095.0,4095.0,4095.0,4095.0,straight_drive
1775839014.6891422,0.0,0.0,0.0,0.0,0.0,0.0,4095.0,4095.0,4095.0,4095.0,straight_drive
1775839014.7039826,0.0,0.0,0.0,0.0,0.0,0.0,4095.0,4095.0,4095.0,4095.0,straight_drive
1775839014.720147,0.0,0.0,0.0,0.0,0.0,0.0,4095.0,4095.0,4095.0,4095.0,straight_drive
1775839014.725317,0.0,0.0,0.0,0.0,0.0,0.0,4095.0,4095.0,4095.0,4095.0,straight_drive
1775839014.729359,0.0,0.0,0.0,0.0,0.0,0.0,4095.0,4095.0,4095.0,4095.0,straight_drive
1775839014.7347333,0.0,0.0,0.0,0.0,0.0,0.0,4095.0,4095.0,4095.0,4095.0,straight_drive
1775839014.741344,0.0,0.0,0.0,0.0,0.0,0.0,4095.0,4095.0,4095.0,4095.0,straight_drive
1775839014.765482,0.0,0.0,0.0,0.0,0.0,0.0,4095.0,4095.0,4095.0,4095.0,straight_drive
1775839014.7798064,0.0,0.0,0.0,0.0,0.0,0.0,4095.0,4095.0,4095.0,4095.0,straight_drive
1775839014.7959328,0.0,0.0,0.0,0.0,0.0,0.0,4095.0,4095.0,4095.0,4095.0,straight_drive
1775839014.801028,0.0,0.0,0.0,0.0,0.0,0.0,4095.0,4095.0,4095.0,4095.0,straight_drive
1775839014.8060749,0.0,0.0,0.0,0.0,0.0,0.0,4095.0,4095.0,4095.0,4095.0,straight_drive
1775839014.8255336,0.0,0.0,0.0,0.0,0.0,0.0,4095.0,4095.0,4095.0,4095.0,straight_drive
1775839014.8288865,0.0,0.0,0.0,0.0,0.0,0.0,4095.0,4095.0,4095.0,4095.0,straight_drive
1775839014.857507,0.0,0.0,0.0,0.0,0.0,0.0,4095.0,4095.0,4095.0,4095.0,straight_drive
1775839014.8725414,0.0,0.0,0.0,0.0,0.0,0.0,4095.0,4095.0,4095.0,4095.0,straight_drive
1775839014.887558,0.0,0.0,0.0,0.0,0.0,0.0,4095.0,4095.0,4095.0,4095.0,straight_drive
1775839014.9028544,0.0,0.0,0.0,0.0,0.0,0.0,4095.0,4095.0,4095.0,4095.0,straight_drive
1775839014.917841,0.0,0.0,0.0,0.0,0.0,0.0,4095.0,4095.0,4095.0,4095.0,straight_drive
1775839014.9330652,0.0,0.0,0.0,0.0,0.0,0.0,4095.0,4095.0,4095.0,4095.0,straight_drive
1775839014.9367886,0.0,0.0,0.0,0.0,0.0,0.0,4095.0,4095.0,4095.0,4095.0,straight_drive
1775839014.9651897,0.0,0.0,0.0,0.0,0.0,0.0,4095.0,4095.0,4095.0,4095.0,straight_drive
1775839014.969241,0.0,0.0,0.0,0.0,0.0,0.0,4095.0,4095.0,4095.0,4095.0,straight_drive
1775839014.9726555,0.0,0.0,0.0,0.0,0.0,0.0,4095.0,4095.0,4095.0,4095.0,straight_drive
1775839014.9962401,0.0,0.0,0.0,0.0,0.0,0.0,4095.0,4095.0,4095.0,4095.0,straight_drive
1775839015.0112522,0.0,0.0,0.0,0.0,0.0,0.0,4095.0,4095.0,4095.0,4095.0,straight_drive
1775839015.014984,0.0,0.0,0.0,0.0,0.0,0.0,4095.0,4095.0,4095.0,4095.0,straight_drive
1775839015.0206885,0.0,0.0,0.0,0.0,0.0,0.0,4095.0,4095.0,4095.0,4095.0,straight_drive
1775839015.040694,0.0,0.0,0.0,0.0,0.0,0.0,4095.0,4095.0,4095.0,4095.0,straight_drive
1775839015.0441334,0.0,0.0,0.0,0.0,0.0,0.0,4095.0,4095.0,4095.0,4095.0,straight_drive
1775839015.0732343,0.0,0.0,0.0,0.0,0.0,0.0,4095.0,4095.0,4095.0,4095.0,straight_drive
1775839015.0766273,0.0,0.0,0.0,0.0,0.0,0.0,4095.0,4095.0,4095.0,4095.0,straight_drive
1775839015.0799341,0.0,0.0,0.0,0.0,0.0,0.0,4095.0,4095.0,4095.0,4095.0,straight_drive
1775839015.1027849,0.0,0.0,0.0,0.0,0.0,0.0,4095.0,4095.0,4095.0,4095.0,straight_drive
1775839015.1179721,0.0,0.0,0.0,0.0,0.0,0.0,4095.0,4095.0,4095.0,4095.0,straight_drive
1775839015.1336339,0.0,0.0,0.0,0.0,0.0,0.0,4095.0,4095.0,4095.0,4095.0,straight_drive
1775839015.1491227,0.0,0.0,0.0,0.0,0.0,0.0,4095.0,4095.0,4095.0,4095.0,straight_drive
1775839015.1651788,0.0,0.0,0.0,0.0,0.0,0.0,4095.0,4095.0,4095.0,4095.0,straight_drive
1775839015.1693633,0.0,0.0,0.0,0.0,0.0,0.0,4095.0,4095.0,4095.0,4095.0,straight_drive
1775839015.19506,0.0,0.0,0.0,0.0,0.0,0.0,4095.0,4095.0,4095.0,4095.0,straight_drive
1775839015.210591,0.0,0.0,0.0,0.0,0.0,0.0,4095.0,4095.0,4095.0,4095.0,straight_drive
1775839015.226799,0.0,0.0,0.0,0.0,0.0,0.0,4095.0,4095.0,4095.0,4095.0,straight_drive
1775839015.242073,0.0,0.0,0.0,0.0,0.0,0.0,4095.0,4095.0,4095.0,4095.0,straight_drive
1775839015.246171,0.0,0.0,0.0,0.0,0.0,0.0,4095.0,4095.0,4095.0,4095.0,straight_drive
1775839015.251245,0.0,0.0,0.0,0.0,0.0,0.0,4095.0,4095.0,4095.0,4095.0,straight_drive
1775839015.2574725,0.0,0.0,0.0,0.0,0.0,0.0,4095.0,4095.0,4095.0,4095.0,straight_drive
1775839015.2621307,0.0,0.0,0.0,0.0,0.0,0.0,4095.0,4095.0,4095.0,4095.0,straight_drive
1775839015.265572,0.0,0.0,0.0,0.0,0.0,0.0,4095.0,4095.0,4095.0,4095.0,straight_drive
1775839015.269675,0.0,0.0,0.0,0.0,0.0,0.0,4095.0,4095.0,4095.0,4095.0,straight_drive
1775839015.2755327,0.0,0.0,0.0,0.0,0.0,0.0,4095.0,4095.0,4095.0,4095.0,straight_drive
1775839015.2991593,0.0,0.0,0.0,0.0,0.0,0.0,4095.0,4095.0,4095.0,4095.0,straight_drive
1775839015.3049605,0.0,0.0,0.0,0.0,0.0,0.0,4095.0,4095.0,4095.0,4095.0,straight_drive
1775839015.3192499,0.0,0.0,0.0,0.0,0.0,0.0,4095.0,4095.0,4095.0,4095.0,straight_drive
1775839015.3354208,0.0,0.0,0.0,0.0,0.0,0.0,4095.0,4095.0,4095.0,4095.0,straight_drive
1775839015.3400056,0.0,0.0,0.0,0.0,0.0,0.0,4095.0,4095.0,4095.0,4095.0,straight_drive
1775839015.3455806,0.0,0.0,0.0,0.0,0.0,0.0,4095.0,4095.0,4095.0,4095.0,straight_drive
1775839015.3500593,0.0,0.0,0.0,0.0,0.0,0.0,4095.0,4095.0,4095.0,4095.0,straight_drive
1775839015.3554275,0.0,0.0,0.0,0.0,0.0,0.0,4095.0,4095.0,4095.0,4095.0,straight_drive
1775839015.3813446,0.0,0.0,0.0,0.0,0.0,0.0,4095.0,4095.0,4095.0,4095.0,straight_drive
1775839015.39678,0.0,0.0,0.0,0.0,0.0,0.0,4095.0,4095.0,4095.0,4095.0,straight_drive
1775839015.4111893,0.0,0.0,0.0,0.0,0.0,0.0,4095.0,4095.0,4095.0,4095.0,straight_drive
1775839015.4267373,0.0,0.0,0.0,0.0,0.0,0.0,4095.0,4095.0,4095.0,4095.0,straight_drive
1775839015.4314384,0.0,0.0,0.0,0.0,0.0,0.0,4095.0,4095.0,4095.0,4095.0,straight_drive
1775839015.4377012,0.0,0.0,0.0,0.0,0.0,0.0,4095.0,4095.0,4095.0,4095.0,straight_drive
1775839015.4416764,0.0,0.0,0.0,0.0,0.0,0.0,4095.0,4095.0,4095.0,4095.0,straight_drive
1775839015.4578085,0.0,0.0,0.0,0.0,0.0,0.0,4095.0,4095.0,4095.0,4095.0,straight_drive
1775839015.4734316,0.0,0.0,0.0,0.0,0.0,0.0,4095.0,4095.0,4095.0,4095.0,straight_drive
1775839015.4900374,0.0,0.0,0.0,0.0,0.0,0.0,4095.0,4095.0,4095.0,4095.0,straight_drive
1775839015.5205147,0.0,0.0,0.0,0.0,0.0,0.0,4095.0,4095.0,4095.0,4095.0,straight_drive
1775839015.535235,0.0,0.0,0.0,0.0,0.0,0.0,4095.0,4095.0,4095.0,4095.0,straight_drive
1775839015.5506566,0.0,0.0,0.0,0.0,0.0,0.0,4095.0,4095.0,4095.0,4095.0,straight_drive
1775839015.5540898,0.0,0.0,0.0,0.0,0.0,0.0,4095.0,4095.0,4095.0,4095.0,straight_drive
1775839015.5820932,0.0,0.0,0.0,0.0,0.0,0.0,4095.0,4095.0,4095.0,4095.0,straight_drive
1775839015.5967176,0.0,0.0,0.0,0.0,0.0,0.0,4095.0,4095.0,4095.0,4095.0,straight_drive
1775839015.612306,0.0,0.0,0.0,0.0,0.0,0.0,4095.0,4095.0,4095.0,4095.0,straight_drive
1775839015.616711,0.0,0.0,0.0,0.0,0.0,0.0,4095.0,4095.0,4095.0,4095.0,straight_drive
1775839015.6216621,0.0,0.0,0.0,0.0,0.0,0.0,4095.0,4095.0,4095.0,4095.0,straight_drive
1775839015.6419203,0.0,0.0,0.0,0.0,0.0,0.0,4095.0,4095.0,4095.0,4095.0,straight_drive
1775839015.6574948,0.0,0.0,0.0,0.0,0.0,0.0,4095.0,4095.0,4095.0,4095.0,straight_drive
1775839015.6724765,0.0,0.0,0.0,0.0,0.0,0.0,4095.0,4095.0,4095.0,4095.0,straight_drive
1775839015.688143,0.0,0.0,0.0,0.0,0.0,0.0,4095.0,4095.0,4095.0,4095.0,straight_drive
1775839015.7025,0.0,0.0,0.0,0.0,0.0,0.0,4095.0,4095.0,4095.0,4095.0,straight_drive
1775839015.717768,0.0,0.0,0.0,0.0,0.0,0.0,4095.0,4095.0,4095.0,4095.0,straight_drive
1775839015.739096,0.0,0.0,0.0,0.0,0.0,0.0,4095.0,4095.0,4095.0,4095.0,straight_drive
1775839015.7647307,0.0,0.0,0.0,0.0,0.0,0.0,4095.0,4095.0,4095.0,4095.0,straight_drive
1775839015.768518,0.0,0.0,0.0,0.0,0.0,0.0,4095.0,4095.0,4095.0,4095.0,straight_drive
1775839015.7722645,0.0,0.0,0.0,0.0,0.0,0.0,4095.0,4095.0,4095.0,4095.0,straight_drive
1775839015.7758675,0.0,0.0,0.0,0.0,0.0,0.0,4095.0,4095.0,4095.0,4095.0,straight_drive
1775839015.7799933,0.0,0.0,0.0,0.0,0.0,0.0,4095.0,4095.0,4095.0,4095.0,straight_drive
1775839015.7838347,0.0,0.0,0.0,0.0,0.0,0.0,4095.0,4095.0,4095.0,4095.0,straight_drive
1775839015.7885454,0.0,0.0,0.0,0.0,0.0,0.0,4095.0,4095.0,4095.0,4095.0,straight_drive
1775839015.7929394,0.0,0.0,0.0,0.0,0.0,0.0,4095.0,4095.0,4095.0,4095.0,straight_drive
1775839015.7966666,0.0,0.0,0.0,0.0,0.0,0.0,4095.0,4095.0,4095.0,4095.0,straight_drive
1775839015.8117359,0.0,0.0,0.0,0.0,0.0,0.0,4095.0,4095.0,4095.0,4095.0,straight_drive
1775839015.8154752,0.0,0.0,0.0,0.0,0.0,0.0,4095.0,4095.0,4095.0,4095.0,straight_drive
1775839015.820251,0.0,0.0,0.0,0.0,0.0,0.0,4095.0,4095.0,4095.0,4095.0,straight_drive
1775839015.843486,0.0,0.0,0.0,0.0,0.0,0.0,4095.0,4095.0,4095.0,4095.0,straight_drive
1775839015.857571,0.0,0.0,0.0,0.0,0.0,0.0,4095.0,4095.0,4095.0,4095.0,straight_drive
1775839015.8726878,0.0,0.0,0.0,0.0,0.0,0.0,4095.0,4095.0,4095.0,4095.0,straight_drive
1775839015.8885303,0.0,0.0,0.0,0.0,0.0,0.0,4095.0,4095.0,4095.0,4095.0,straight_drive
1775839015.8937957,0.0,0.0,0.0,0.0,0.0,0.0,4095.0,4095.0,4095.0,4095.0,straight_drive
1775839015.8972518,0.0,0.0,0.0,0.0,0.0,0.0,4095.0,4095.0,4095.0,4095.0,straight_drive
1775839015.9189126,0.0,0.0,0.0,0.0,0.0,0.0,4095.0,4095.0,4095.0,4095.0,straight_drive
1775839015.9222243,0.0,0.0,0.0,0.0,0.0,0.0,4095.0,4095.0,4095.0,4095.0,straight_drive
1775839015.9252915,0.0,0.0,0.0,0.0,0.0,0.0,4095.0,4095.0,4095.0,4095.0,straight_drive
1775839015.952853,0.0,0.0,0.0,0.0,0.0,0.0,4095.0,4095.0,4095.0,4095.0,straight_drive
1775839015.9700613,0.0,0.0,0.0,0.0,0.0,0.0,4095.0,4095.0,4095.0,4095.0,straight_drive
1775839015.9973722,0.0,0.0,0.0,0.0,0.0,0.0,4095.0,4095.0,4095.0,4095.0,straight_drive
1775839016.0111377,0.0,0.0,0.0,0.0,0.0,0.0,4095.0,4095.0,4095.0,4095.0,straight_drive
1775839016.0146604,0.0,0.0,0.0,0.0,0.0,0.0,4095.0,4095.0,4095.0,4095.0,straight_drive
1775839016.0185442,0.0,0.0,0.0,0.0,0.0,0.0,4095.0,4095.0,4095.0,4095.0,straight_drive
1775839016.0424886,0.0,0.0,0.0,0.0,0.0,0.0,4095.0,4095.0,4095.0,4095.0,straight_drive
1775839016.0576704,0.0,0.0,0.0,0.0,0.0,0.0,4095.0,4095.0,4095.0,4095.0,straight_drive
1775839016.0725162,0.0,0.0,0.0,0.0,0.0,0.0,4095.0,4095.0,4095.0,4095.0,straight_drive
1775839016.0880694,0.0,0.0,0.0,0.0,0.0,0.0,4095.0,4095.0,4095.0,4095.0,straight_drive
1775839016.0915747,0.0,0.0,0.0,0.0,0.0,0.0,4095.0,4095.0,4095.0,4095.0,straight_drive
1775839016.0948725,0.0,0.0,0.0,0.0,0.0,0.0,4095.0,4095.0,4095.0,4095.0,straight_drive
1775839016.0977457,0.0,0.0,0.0,0.0,0.0,0.0,4095.0,4095.0,4095.0,4095.0,straight_drive
1775839016.100769,0.0,0.0,0.0,0.0,0.0,0.0,4095.0,4095.0,4095.0,4095.0,straight_drive
1775839016.1044006,0.0,0.0,0.0,0.0,0.0,0.0,4095.0,4095.0,4095.0,4095.0,straight_drive
1775839016.118941,0.0,0.0,0.0,0.0,0.0,0.0,4095.0,4095.0,4095.0,4095.0,straight_drive
1775839016.1352115,0.0,0.0,0.0,0.0,0.0,0.0,4095.0,4095.0,4095.0,4095.0,straight_drive
1775839016.1391797,0.0,0.0,0.0,0.0,0.0,0.0,4095.0,4095.0,4095.0,4095.0,straight_drive
1775839016.1430192,0.0,0.0,0.0,0.0,0.0,0.0,4095.0,4095.0,4095.0,4095.0,straight_drive
1775839016.1465669,0.0,0.0,0.0,0.0,0.0,0.0,4095.0,4095.0,4095.0,4095.0,straight_drive
1775839016.150684,0.0,0.0,0.0,0.0,0.0,0.0,4095.0,4095.0,4095.0,4095.0,straight_drive
1775839016.15505,0.0,0.0,0.0,0.0,0.0,0.0,4095.0,4095.0,4095.0,4095.0,straight_drive
1775839016.1613405,0.0,0.0,0.0,0.0,0.0,0.0,4095.0,4095.0,4095.0,4095.0,straight_drive
1775839016.1926813,0.0,0.0,0.0,0.0,0.0,0.0,4095.0,4095.0,4095.0,4095.0,straight_drive
1775839016.197868,0.0,0.0,0.0,0.0,0.0,0.0,4095.0,4095.0,4095.0,4095.0,straight_drive
1775839016.2265582,0.0,0.0,0.0,0.0,0.0,0.0,4095.0,4095.0,4095.0,4095.0,straight_drive
1775839016.2412915,0.0,0.0,0.0,0.0,0.0,0.0,4095.0,4095.0,4095.0,4095.0,straight_drive
1775839016.2449088,0.0,0.0,0.0,0.0,0.0,0.0,4095.0,4095.0,4095.0,4095.0,straight_drive
1775839016.2727582,0.0,0.0,0.0,0.0,0.0,0.0,4095.0,4095.0,4095.0,4095.0,straight_drive
1775839016.287839,0.0,0.0,0.0,0.0,0.0,0.0,4095.0,4095.0,4095.0,4095.0,straight_drive
1775839016.303957,0.0,0.0,0.0,0.0,0.0,0.0,4095.0,4095.0,4095.0,4095.0,straight_drive
1775839016.319182,0.0,0.0,0.0,0.0,0.0,0.0,4095.0,4095.0,4095.0,4095.0,straight_drive
1775839016.3342528,0.0,0.0,0.0,0.0,0.0,0.0,4095.0,4095.0,4095.0,4095.0,straight_drive
1775839016.3419333,0.0,0.0,0.0,0.0,0.0,0.0,4095.0,4095.0,4095.0,4095.0,straight_drive
1775839016.3648093,0.0,0.0,0.0,0.0,0.0,0.0,4095.0,4095.0,4095.0,4095.0,straight_drive
1775839016.3791301,0.0,0.0,0.0,0.0,0.0,0.0,4095.0,4095.0,4095.0,4095.0,straight_drive
1775839016.4127758,0.0,0.0,0.0,0.0,0.0,0.0,4095.0,4095.0,4095.0,4095.0,straight_drive
1775839016.4212043,0.0,0.0,0.0,0.0,0.0,0.0,4095.0,4095.0,4095.0,4095.0,straight_drive
1775839016.441062,0.0,0.0,0.0,0.0,0.0,0.0,4095.0,4095.0,4095.0,4095.0,straight_drive
1775839016.4578495,0.0,0.0,0.0,0.0,0.0,0.0,4095.0,4095.0,4095.0,4095.0,straight_drive
1775839016.4725325,0.0,0.0,0.0,0.0,0.0,0.0,4095.0,4095.0,4095.0,4095.0,straight_drive
1775839016.4763803,0.0,0.0,0.0,0.0,0.0,0.0,4095.0,4095.0,4095.0,4095.0,straight_drive
1775839016.5032778,0.0,0.0,0.0,0.0,0.0,0.0,4095.0,4095.0,4095.0,4095.0,straight_drive
1775839016.5186315,0.0,0.0,0.0,0.0,0.0,0.0,4095.0,4095.0,4095.0,4095.0,straight_drive
1775839016.5345948,0.0,0.0,0.0,0.0,0.0,0.0,4095.0,4095.0,4095.0,4095.0,straight_drive
1775839016.5393412,0.0,0.0,0.0,0.0,0.0,0.0,4095.0,4095.0,4095.0,4095.0,straight_drive
1775839016.5657067,0.0,0.0,0.0,0.0,0.0,0.0,4095.0,4095.0,4095.0,4095.0,straight_drive
1775839016.5953054,0.0,0.0,0.0,0.0,0.0,0.0,4095.0,4095.0,4095.0,4095.0,straight_drive
1775839016.6114929,0.0,0.0,0.0,0.0,0.0,0.0,4095.0,4095.0,4095.0,4095.0,straight_drive
1775839016.641141,0.0,0.0,0.0,0.0,0.0,0.0,4095.0,4095.0,4095.0,4095.0,straight_drive
1775839016.6588068,0.0,0.0,0.0,0.0,0.0,0.0,4095.0,4095.0,4095.0,4095.0,straight_drive
1775839016.6736119,0.0,0.0,0.0,0.0,0.0,0.0,4095.0,4095.0,4095.0,4095.0,straight_drive
1775839016.6893485,0.0,0.0,0.0,0.0,0.0,0.0,4095.0,4095.0,4095.0,4095.0,straight_drive
1775839016.7049222,0.0,0.0,0.0,0.0,0.0,0.0,4095.0,4095.0,4095.0,4095.0,straight_drive
1775839016.7111082,0.0,0.0,0.0,0.0,0.0,0.0,4095.0,4095.0,4095.0,4095.0,straight_drive
1775839016.7350802,0.0,0.0,0.0,0.0,0.0,0.0,4095.0,4095.0,4095.0,4095.0,straight_drive
1775839016.7386932,0.0,0.0,0.0,0.0,0.0,0.0,4095.0,4095.0,4095.0,4095.0,straight_drive
1775839016.7658548,0.0,0.0,0.0,0.0,0.0,0.0,4095.0,4095.0,4095.0,4095.0,straight_drive
1775839016.7806084,0.0,0.0,0.0,0.0,0.0,0.0,4095.0,4095.0,4095.0,4095.0,straight_drive
1775839016.7960837,0.0,0.0,0.0,0.0,0.0,0.0,4095.0,4095.0,4095.0,4095.0,straight_drive
1775839016.8122275,0.0,0.0,0.0,0.0,0.0,0.0,4095.0,4095.0,4095.0,4095.0,straight_drive
1775839016.8271654,0.0,0.0,0.0,0.0,0.0,0.0,4095.0,4095.0,4095.0,4095.0,straight_drive
1775839016.8427484,0.0,0.0,0.0,0.0,0.0,0.0,4095.0,4095.0,4095.0,4095.0,straight_drive
1775839016.8549416,0.0,0.0,0.0,0.0,0.0,0.0,4095.0,4095.0,4095.0,4095.0,straight_drive
1775839016.8708508,0.0,0.0,0.0,0.0,0.0,0.0,4095.0,4095.0,4095.0,4095.0,straight_drive
1775839016.8897612,0.0,0.0,0.0,0.0,0.0,0.0,4095.0,4095.0,4095.0,4095.0,straight_drive
1775839016.905465,0.0,0.0,0.0,0.0,0.0,0.0,4095.0,4095.0,4095.0,4095.0,straight_drive
1775839016.9197333,0.0,0.0,0.0,0.0,0.0,0.0,4095.0,4095.0,4095.0,4095.0,straight_drive
1775839016.9356508,0.0,0.0,0.0,0.0,0.0,0.0,4095.0,4095.0,4095.0,4095.0,straight_drive
1775839016.9412181,0.0,0.0,0.0,0.0,0.0,0.0,4095.0,4095.0,4095.0,4095.0,straight_drive
1775839016.9468837,0.0,0.0,0.0,0.0,0.0,0.0,4095.0,4095.0,4095.0,4095.0,straight_drive
1775839016.9525075,0.0,0.0,0.0,0.0,0.0,0.0,4095.0,4095.0,4095.0,4095.0,straight_drive
1775839016.957429,0.0,0.0,0.0,0.0,0.0,0.0,4095.0,4095.0,4095.0,4095.0,straight_drive
1775839016.98187,0.0,0.0,0.0,0.0,0.0,0.0,4095.0,4095.0,4095.0,4095.0,straight_drive
1775839016.9862356,0.0,0.0,0.0,0.0,0.0,0.0,4095.0,4095.0,4095.0,4095.0,straight_drive
1775839017.0120804,0.0,0.0,0.0,0.0,0.0,0.0,4095.0,4095.0,4095.0,4095.0,straight_drive
1775839017.0264213,0.0,0.0,0.0,0.0,0.0,0.0,4095.0,4095.0,4095.0,4095.0,straight_drive
1775839017.0436049,0.0,0.0,0.0,0.0,0.0,0.0,4095.0,4095.0,4095.0,4095.0,straight_drive
1775839017.058432,0.0,0.0,0.0,0.0,0.0,0.0,4095.0,4095.0,4095.0,4095.0,straight_drive
1775839017.0621192,0.0,0.0,0.0,0.0,0.0,0.0,4095.0,4095.0,4095.0,4095.0,straight_drive
1775839017.093929,0.0,0.0,0.0,0.0,0.0,0.0,4095.0,4095.0,4095.0,4095.0,straight_drive
1775839017.0977035,0.0,0.0,0.0,0.0,0.0,0.0,4095.0,4095.0,4095.0,4095.0,straight_drive
1775839017.1011338,0.0,0.0,0.0,0.0,0.0,0.0,4095.0,4095.0,4095.0,4095.0,straight_drive
1775839017.1052153,0.0,0.0,0.0,0.0,0.0,0.0,4095.0,4095.0,4095.0,4095.0,straight_drive
1775839017.1193144,0.0,0.0,0.0,0.0,0.0,0.0,4095.0,4095.0,4095.0,4095.0,straight_drive
1775839017.135477,0.0,0.0,0.0,0.0,0.0,0.0,4095.0,4095.0,4095.0,4095.0,straight_drive
1775839017.1401763,0.0,0.0,0.0,0.0,0.0,0.0,4095.0,4095.0,4095.0,4095.0,straight_drive
1775839017.1659584,0.0,0.0,0.0,0.0,0.0,0.0,4095.0,4095.0,4095.0,4095.0,straight_drive
1775839017.1814456,0.0,0.0,0.0,0.0,0.0,0.0,4095.0,4095.0,4095.0,4095.0,straight_drive
1775839017.197054,0.0,0.0,0.0,0.0,0.0,0.0,4095.0,4095.0,4095.0,4095.0,straight_drive
1775839017.2129092,0.0,0.0,0.0,0.0,0.0,0.0,4095.0,4095.0,4095.0,4095.0,straight_drive
1775839017.2283413,0.0,0.0,0.0,0.0,0.0,0.0,4095.0,4095.0,4095.0,4095.0,straight_drive
1775839017.2436104,0.0,0.0,0.0,0.0,0.0,0.0,4095.0,4095.0,4095.0,4095.0,straight_drive
1775839017.259555,0.0,0.0,0.0,0.0,0.0,0.0,4095.0,4095.0,4095.0,4095.0,straight_drive
1775839017.2739437,0.0,0.0,0.0,0.0,0.0,0.0,4095.0,4095.0,4095.0,4095.0,straight_drive
1775839017.2900777,0.0,0.0,0.0,0.0,0.0,0.0,4095.0,4095.0,4095.0,4095.0,straight_drive
1775839017.2934153,0.0,0.0,0.0,0.0,0.0,0.0,4095.0,4095.0,4095.0,4095.0,straight_drive
1775839017.320067,0.0,0.0,0.0,0.0,0.0,0.0,4095.0,4095.0,4095.0,4095.0,straight_drive
1775839017.3360844,0.0,0.0,0.0,0.0,0.0,0.0,4095.0,4095.0,4095.0,4095.0,straight_drive
1775839017.3524961,0.0,0.0,0.0,0.0,0.0,0.0,4095.0,4095.0,4095.0,4095.0,straight_drive
1775839017.3583508,0.0,0.0,0.0,0.0,0.0,0.0,4095.0,4095.0,4095.0,4095.0,straight_drive
1775839017.382024,0.0,0.0,0.0,0.0,0.0,0.0,4095.0,4095.0,4095.0,4095.0,straight_drive
1775839017.3858294,0.0,0.0,0.0,0.0,0.0,0.0,4095.0,4095.0,4095.0,4095.0,straight_drive
1775839017.3892872,0.0,0.0,0.0,0.0,0.0,0.0,4095.0,4095.0,4095.0,4095.0,straight_drive
1775839017.412509,0.0,0.0,0.0,0.0,0.0,0.0,4095.0,4095.0,4095.0,4095.0,straight_drive
1775839017.4158587,0.0,0.0,0.0,0.0,0.0,0.0,4095.0,4095.0,4095.0,4095.0,straight_drive
1775839017.4435508,0.0,0.0,0.0,0.0,0.0,0.0,4095.0,4095.0,4095.0,4095.0,straight_drive
1775839017.4470606,0.0,0.0,0.0,0.0,0.0,0.0,4095.0,4095.0,4095.0,4095.0,straight_drive
1775839017.4742417,0.0,0.0,0.0,0.0,0.0,0.0,4095.0,4095.0,4095.0,4095.0,straight_drive
1775839017.4880435,0.0,0.0,0.0,0.0,0.0,0.0,4095.0,4095.0,4095.0,4095.0,straight_drive
1775839017.492441,0.0,0.0,0.0,0.0,0.0,0.0,4095.0,4095.0,4095.0,4095.0,straight_drive
1775839017.4960146,0.0,0.0,0.0,0.0,0.0,0.0,4095.0,4095.0,4095.0,4095.0,straight_drive
1775839017.5347495,0.0,0.0,0.0,0.0,0.0,0.0,4095.0,4095.0,4095.0,4095.0,straight_drive
1775839017.5509248,0.0,0.0,0.0,0.0,0.0,0.0,4095.0,4095.0,4095.0,4095.0,straight_drive
1775839017.5570722,0.0,0.0,0.0,0.0,0.0,0.0,4095.0,4095.0,4095.0,4095.0,straight_drive
1775839017.5805225,0.0,0.0,0.0,0.0,0.0,0.0,4095.0,4095.0,4095.0,4095.0,straight_drive
1775839017.5957377,0.0,0.0,0.0,0.0,0.0,0.0,4095.0,4095.0,4095.0,4095.0,straight_drive
1775839017.599717,0.0,0.0,0.0,0.0,0.0,0.0,4095.0,4095.0,4095.0,4095.0,straight_drive
1775839017.6049244,0.0,0.0,0.0,0.0,0.0,0.0,4095.0,4095.0,4095.0,4095.0,straight_drive
1775839017.6086574,0.0,0.0,0.0,0.0,0.0,0.0,4095.0,4095.0,4095.0,4095.0,straight_drive
1775839017.6133413,0.0,0.0,0.0,0.0,0.0,0.0,4095.0,4095.0,4095.0,4095.0,straight_drive
1775839017.6173253,0.0,0.0,0.0,0.0,0.0,0.0,4095.0,4095.0,4095.0,4095.0,straight_drive
1775839017.6238163,0.0,0.0,0.0,0.0,0.0,0.0,4095.0,4095.0,4095.0,4095.0,straight_drive
1775839017.641007,0.0,0.0,0.0,0.0,0.0,0.0,4095.0,4095.0,4095.0,4095.0,straight_drive
1775839017.6466231,0.0,0.0,0.0,0.0,0.0,0.0,4095.0,4095.0,4095.0,4095.0,straight_drive
1775839017.6736,0.0,0.0,0.0,0.0,0.0,0.0,4095.0,4095.0,4095.0,4095.0,straight_drive
1775839017.6787312,0.0,0.0,0.0,0.0,0.0,0.0,4095.0,4095.0,4095.0,4095.0,straight_drive
1775839017.6840065,0.0,0.0,0.0,0.0,0.0,0.0,4095.0,4095.0,4095.0,4095.0,straight_drive
1775839017.6890087,0.0,0.0,0.0,0.0,0.0,0.0,4095.0,4095.0,4095.0,4095.0,straight_drive
1775839017.7039292,0.0,0.0,0.0,0.0,0.0,0.0,4095.0,4095.0,4095.0,4095.0,straight_drive
1775839017.709529,0.0,0.0,0.0,0.0,0.0,0.0,4095.0,4095.0,4095.0,4095.0,straight_drive
1775839017.7341323,0.0,0.0,0.0,0.0,0.0,0.0,4095.0,4095.0,4095.0,4095.0,straight_drive
1775839017.7582278,0.0,0.0,0.0,0.0,0.0,0.0,4095.0,4095.0,4095.0,4095.0,straight_drive
1775839017.7810583,0.0,0.0,0.0,0.0,0.0,0.0,4095.0,4095.0,4095.0,4095.0,straight_drive
1775839017.7857113,0.0,0.0,0.0,0.0,0.0,0.0,4095.0,4095.0,4095.0,4095.0,straight_drive
1775839017.812287,0.0,0.0,0.0,0.0,0.0,0.0,4095.0,4095.0,4095.0,4095.0,straight_drive
1775839017.8169355,0.0,0.0,0.0,0.0,0.0,0.0,4095.0,4095.0,4095.0,4095.0,straight_drive
1775839017.8212092,0.0,0.0,0.0,0.0,0.0,0.0,4095.0,4095.0,4095.0,4095.0,straight_drive
1775839017.8252316,0.0,0.0,0.0,0.0,0.0,0.0,4095.0,4095.0,4095.0,4095.0,straight_drive
1775839017.842851,0.0,0.0,0.0,0.0,0.0,0.0,4095.0,4095.0,4095.0,4095.0,straight_drive
1775839017.8582685,0.0,0.0,0.0,0.0,0.0,0.0,4095.0,4095.0,4095.0,4095.0,straight_drive
1775839017.8631392,0.0,0.0,0.0,0.0,0.0,0.0,4095.0,4095.0,4095.0,4095.0,straight_drive
1775839017.8881876,0.0,0.0,0.0,0.0,0.0,0.0,4095.0,4095.0,4095.0,4095.0,straight_drive
1775839017.9042225,0.0,0.0,0.0,0.0,0.0,0.0,4095.0,4095.0,4095.0,4095.0,straight_drive
1775839017.9103541,0.0,0.0,0.0,0.0,0.0,0.0,4095.0,4095.0,4095.0,4095.0,straight_drive
1775839017.9337702,0.0,0.0,0.0,0.0,0.0,0.0,4095.0,4095.0,4095.0,4095.0,straight_drive
1775839017.9384036,0.0,0.0,0.0,0.0,0.0,0.0,4095.0,4095.0,4095.0,4095.0,straight_drive
1775839017.9438946,0.0,0.0,0.0,0.0,0.0,0.0,4095.0,4095.0,4095.0,4095.0,straight_drive
1775839017.949026,0.0,0.0,0.0,0.0,0.0,0.0,4095.0,4095.0,4095.0,4095.0,straight_drive
1775839017.9535131,0.0,0.0,0.0,0.0,0.0,0.0,4095.0,4095.0,4095.0,4095.0,straight_drive
1775839017.9582658,0.0,0.0,0.0,0.0,0.0,0.0,4095.0,4095.0,4095.0,4095.0,straight_drive
1775839017.9825897,0.0,0.0,0.0,0.0,0.0,0.0,4095.0,4095.0,4095.0,4095.0,straight_drive
1775839017.9877803,0.0,0.0,0.0,0.0,0.0,0.0,4095.0,4095.0,4095.0,4095.0,straight_drive
1775839018.0110462,0.0,0.0,0.0,0.0,0.0,0.0,4095.0,4095.0,4095.0,4095.0,straight_drive
1775839018.0259442,0.0,0.0,0.0,0.0,0.0,0.0,4095.0,4095.0,4095.0,4095.0,straight_drive
1775839018.0301435,0.0,0.0,0.0,0.0,0.0,0.0,4095.0,4095.0,4095.0,4095.0,straight_drive
1775839018.0568204,0.0,0.0,0.0,0.0,0.0,0.0,4095.0,4095.0,4095.0,4095.0,straight_drive
1775839018.062908,0.0,0.0,0.0,0.0,0.0,0.0,4095.0,4095.0,4095.0,4095.0,straight_drive
1775839018.0871563,0.0,0.0,0.0,0.0,0.0,0.0,4095.0,4095.0,4095.0,4095.0,straight_drive
1775839018.1028104,0.0,0.0,0.0,0.0,0.0,0.0,4095.0,4095.0,4095.0,4095.0,straight_drive
1775839018.1191027,0.0,0.0,0.0,0.0,0.0,0.0,4095.0,4095.0,4095.0,4095.0,straight_drive
1775839018.134971,0.0,0.0,0.0,0.0,0.0,0.0,4095.0,4095.0,4095.0,4095.0,straight_drive
1775839018.1495132,0.0,0.0,0.0,0.0,0.0,0.0,4095.0,4095.0,4095.0,4095.0,straight_drive
1775839018.1650362,0.0,0.0,0.0,0.0,0.0,0.0,4095.0,4095.0,4095.0,4095.0,straight_drive
1775839018.169841,0.0,0.0,0.0,0.0,0.0,0.0,4095.0,4095.0,4095.0,4095.0,straight_drive
1775839018.173861,0.0,0.0,0.0,0.0,0.0,0.0,4095.0,4095.0,4095.0,4095.0,straight_drive
1775839018.177802,0.0,0.0,0.0,0.0,0.0,0.0,4095.0,4095.0,4095.0,4095.0,straight_drive
1775839018.183197,0.0,0.0,0.0,0.0,0.0,0.0,4095.0,4095.0,4095.0,4095.0,straight_drive
1775839018.214506,0.0,0.0,0.0,0.0,0.0,0.0,4095.0,4095.0,4095.0,4095.0,straight_drive
1775839018.2209067,0.0,0.0,0.0,0.0,0.0,0.0,4095.0,4095.0,4095.0,4095.0,straight_drive
1775839018.2430077,0.0,0.0,0.0,0.0,0.0,0.0,4095.0,4095.0,4095.0,4095.0,straight_drive
1775839018.2579803,0.0,0.0,0.0,0.0,0.0,0.0,4095.0,4095.0,4095.0,4095.0,straight_drive
1775839018.2624958,0.0,0.0,0.0,0.0,0.0,0.0,4095.0,4095.0,4095.0,4095.0,straight_drive
1775839018.2670648,0.0,0.0,0.0,0.0,0.0,0.0,4095.0,4095.0,4095.0,4095.0,straight_drive
1775839018.2884157,0.0,0.0,0.0,0.0,0.0,0.0,4095.0,4095.0,4095.0,4095.0,straight_drive
1775839018.303775,0.0,0.0,0.0,0.0,0.0,0.0,4095.0,4095.0,4095.0,4095.0,straight_drive
1775839018.3187237,0.0,0.0,0.0,0.0,0.0,0.0,4095.0,4095.0,4095.0,4095.0,straight_drive
1775839018.3229976,0.0,0.0,0.0,0.0,0.0,0.0,4095.0,4095.0,4095.0,4095.0,straight_drive
1775839018.3496368,0.0,0.0,0.0,0.0,0.0,0.0,4095.0,4095.0,4095.0,4095.0,straight_drive
1775839018.3548982,0.0,0.0,0.0,0.0,0.0,0.0,4095.0,4095.0,4095.0,4095.0,straight_drive
1775839018.380608,0.0,0.0,0.0,0.0,0.0,0.0,4095.0,4095.0,4095.0,4095.0,straight_drive
1775839018.3956735,0.0,0.0,0.0,0.0,0.0,0.0,4095.0,4095.0,4095.0,4095.0,straight_drive
1775839018.399744,0.0,0.0,0.0,0.0,0.0,0.0,4095.0,4095.0,4095.0,4095.0,straight_drive
1775839018.4046116,0.0,0.0,0.0,0.0,0.0,0.0,4095.0,4095.0,4095.0,4095.0,straight_drive
1775839018.4087834,0.0,0.0,0.0,0.0,0.0,0.0,4095.0,4095.0,4095.0,4095.0,straight_drive
1775839018.4128942,0.0,0.0,0.0,0.0,0.0,0.0,4095.0,4095.0,4095.0,4095.0,straight_drive
1775839018.433399,0.0,0.0,0.0,0.0,0.0,0.0,4095.0,4095.0,4095.0,4095.0,straight_drive
1775839018.4578817,0.0,0.0,0.0,0.0,0.0,0.0,4095.0,4095.0,4095.0,4095.0,straight_drive
1775839018.4733238,0.0,0.0,0.0,0.0,0.0,0.0,4095.0,4095.0,4095.0,4095.0,straight_drive
1775839018.489419,0.0,0.0,0.0,0.0,0.0,0.0,4095.0,4095.0,4095.0,4095.0,straight_drive
1775839018.5038748,0.0,0.0,0.0,0.0,0.0,0.0,4095.0,4095.0,4095.0,4095.0,straight_drive
1775839018.5192645,0.0,0.0,0.0,0.0,0.0,0.0,4095.0,4095.0,4095.0,4095.0,straight_drive
1775839018.5259416,0.0,0.0,0.0,0.0,0.0,0.0,4095.0,4095.0,4095.0,4095.0,straight_drive
1775839018.550747,0.0,0.0,0.0,0.0,0.0,0.0,4095.0,4095.0,4095.0,4095.0,straight_drive
1775839018.5565631,0.0,0.0,0.0,0.0,0.0,0.0,4095.0,4095.0,4095.0,4095.0,straight_drive
1775839018.5794458,0.0,0.0,0.0,0.0,0.0,0.0,4095.0,4095.0,4095.0,4095.0,straight_drive
1775839018.5838432,0.0,0.0,0.0,0.0,0.0,0.0,4095.0,4095.0,4095.0,4095.0,straight_drive
1775839018.6102097,0.0,0.0,0.0,0.0,0.0,0.0,4095.0,4095.0,4095.0,4095.0,straight_drive
1775839018.6144297,0.0,0.0,0.0,0.0,0.0,0.0,4095.0,4095.0,4095.0,4095.0,straight_drive
1775839018.6186986,0.0,0.0,0.0,0.0,0.0,0.0,4095.0,4095.0,4095.0,4095.0,straight_drive
1775839018.655611,0.0,0.0,0.0,0.0,0.0,0.0,4095.0,4095.0,4095.0,4095.0,straight_drive
1775839018.668901,0.0,0.0,0.0,0.0,0.0,0.0,4095.0,4095.0,4095.0,4095.0,straight_drive
1775839018.6887434,0.0,0.0,0.0,0.0,0.0,0.0,4095.0,4095.0,4095.0,4095.0,straight_drive
1775839018.6937788,0.0,0.0,0.0,0.0,0.0,0.0,4095.0,4095.0,4095.0,4095.0,straight_drive
1775839018.6988893,0.0,0.0,0.0,0.0,0.0,0.0,4095.0,4095.0,4095.0,4095.0,straight_drive
1775839018.7049758,0.0,0.0,0.0,0.0,0.0,0.0,4095.0,4095.0,4095.0,4095.0,straight_drive
1775839018.7340417,0.0,0.0,0.0,0.0,0.0,0.0,4095.0,4095.0,4095.0,4095.0,straight_drive
1775839018.7484875,0.0,0.0,0.0,0.0,0.0,0.0,4095.0,4095.0,4095.0,4095.0,straight_drive
1775839018.764637,0.0,0.0,0.0,0.0,0.0,0.0,4095.0,4095.0,4095.0,4095.0,straight_drive
1775839018.7684646,0.0,0.0,0.0,0.0,0.0,0.0,4095.0,4095.0,4095.0,4095.0,straight_drive
1775839018.7724636,0.0,0.0,0.0,0.0,0.0,0.0,4095.0,4095.0,4095.0,4095.0,straight_drive
1775839018.7960086,0.0,0.0,0.0,0.0,0.0,0.0,4095.0,4095.0,4095.0,4095.0,straight_drive
1775839018.811945,0.0,0.0,0.0,0.0,0.0,0.0,4095.0,4095.0,4095.0,4095.0,straight_drive
1775839018.827759,0.0,0.0,0.0,0.0,0.0,0.0,4095.0,4095.0,4095.0,4095.0,straight_drive
1775839018.842201,0.0,0.0,0.0,0.0,0.0,0.0,4095.0,4095.0,4095.0,4095.0,straight_drive
1775839018.846658,0.0,0.0,0.0,0.0,0.0,0.0,4095.0,4095.0,4095.0,4095.0,straight_drive
1775839018.8509166,0.0,0.0,0.0,0.0,0.0,0.0,4095.0,4095.0,4095.0,4095.0,straight_drive
1775839018.855619,0.0,0.0,0.0,0.0,0.0,0.0,4095.0,4095.0,4095.0,4095.0,straight_drive
1775839018.8602033,0.0,0.0,0.0,0.0,0.0,0.0,4095.0,4095.0,4095.0,4095.0,straight_drive
1775839018.8905303,0.0,0.0,0.0,0.0,0.0,0.0,4095.0,4095.0,4095.0,4095.0,straight_drive
1775839018.8986044,0.0,0.0,0.0,0.0,0.0,0.0,4095.0,4095.0,4095.0,4095.0,straight_drive
1775839018.904751,0.0,0.0,0.0,0.0,0.0,0.0,4095.0,4095.0,4095.0,4095.0,straight_drive
1775839018.9200764,0.0,0.0,0.0,0.0,0.0,0.0,4095.0,4095.0,4095.0,4095.0,straight_drive
1775839018.9357247,0.0,0.0,0.0,0.0,0.0,0.0,4095.0,4095.0,4095.0,4095.0,straight_drive
1775839018.9499633,0.0,0.0,0.0,0.0,0.0,0.0,4095.0,4095.0,4095.0,4095.0,straight_drive
1775839018.965716,0.0,0.0,0.0,0.0,0.0,0.0,4095.0,4095.0,4095.0,4095.0,straight_drive
1775839018.9718134,0.0,0.0,0.0,0.0,0.0,0.0,4095.0,4095.0,4095.0,4095.0,straight_drive
1775839018.9963455,0.0,0.0,0.0,0.0,0.0,0.0,4095.0,4095.0,4095.0,4095.0,straight_drive
1775839019.0008385,0.0,0.0,0.0,0.0,0.0,0.0,4095.0,4095.0,4095.0,4095.0,straight_drive
1775839019.0275323,0.0,0.0,0.0,0.0,0.0,0.0,4095.0,4095.0,4095.0,4095.0,straight_drive
1775839019.041798,0.0,0.0,0.0,0.0,0.0,0.0,4095.0,4095.0,4095.0,4095.0,straight_drive
1775839019.0580466,0.0,0.0,0.0,0.0,0.0,0.0,4095.0,4095.0,4095.0,4095.0,straight_drive
1775839019.073288,0.0,0.0,0.0,0.0,0.0,0.0,4095.0,4095.0,4095.0,4095.0,straight_drive
1775839019.0783007,0.0,0.0,0.0,0.0,0.0,0.0,4095.0,4095.0,4095.0,4095.0,straight_drive
1775839019.1147912,0.0,0.0,0.0,0.0,0.0,0.0,4095.0,4095.0,4095.0,4095.0,straight_drive
1775839019.1347744,0.0,0.0,0.0,0.0,0.0,0.0,4095.0,4095.0,4095.0,4095.0,straight_drive
1775839019.1495857,0.0,0.0,0.0,0.0,0.0,0.0,4095.0,4095.0,4095.0,4095.0,straight_drive
1775839019.1657217,0.0,0.0,0.0,0.0,0.0,0.0,4095.0,4095.0,4095.0,4095.0,straight_drive
1775839019.1699867,0.0,0.0,0.0,0.0,0.0,0.0,4095.0,4095.0,4095.0,4095.0,straight_drive
1775839019.1740522,0.0,0.0,0.0,0.0,0.0,0.0,4095.0,4095.0,4095.0,4095.0,straight_drive
1775839019.1778998,0.0,0.0,0.0,0.0,0.0,0.0,4095.0,4095.0,4095.0,4095.0,straight_drive
1775839019.1820378,0.0,0.0,0.0,0.0,0.0,0.0,4095.0,4095.0,4095.0,4095.0,straight_drive
1775839019.1958113,0.0,0.0,0.0,0.0,0.0,0.0,4095.0,4095.0,4095.0,4095.0,straight_drive
1775839019.2115784,0.0,0.0,0.0,0.0,0.0,0.0,4095.0,4095.0,4095.0,4095.0,straight_drive
1775839019.215835,0.0,0.0,0.0,0.0,0.0,0.0,4095.0,4095.0,4095.0,4095.0,straight_drive
1775839019.2410593,0.0,0.0,0.0,0.0,0.0,0.0,4095.0,4095.0,4095.0,4095.0,straight_drive
1775839019.245182,0.0,0.0,0.0,0.0,0.0,0.0,4095.0,4095.0,4095.0,4095.0,straight_drive
1775839019.2727818,0.0,0.0,0.0,0.0,0.0,0.0,4095.0,4095.0,4095.0,4095.0,straight_drive
1775839019.2782278,0.0,0.0,0.0,0.0,0.0,0.0,4095.0,4095.0,4095.0,4095.0,straight_drive
1775839019.303094,0.0,0.0,0.0,0.0,0.0,0.0,4095.0,4095.0,4095.0,4095.0,straight_drive
1775839019.307936,0.0,0.0,0.0,0.0,0.0,0.0,4095.0,4095.0,4095.0,4095.0,straight_drive
1775839019.3347816,0.0,0.0,0.0,0.0,0.0,0.0,4095.0,4095.0,4095.0,4095.0,straight_drive
1775839019.3398411,0.0,0.0,0.0,0.0,0.0,0.0,4095.0,4095.0,4095.0,4095.0,straight_drive
1775839019.34361,0.0,0.0,0.0,0.0,0.0,0.0,4095.0,4095.0,4095.0,4095.0,straight_drive
1775839019.3648548,0.0,0.0,0.0,0.0,0.0,0.0,4095.0,4095.0,4095.0,4095.0,straight_drive
1775839019.3695345,0.0,0.0,0.0,0.0,0.0,0.0,4095.0,4095.0,4095.0,4095.0,straight_drive
1775839019.3952518,0.0,0.0,0.0,0.0,0.0,0.0,4095.0,4095.0,4095.0,4095.0,straight_drive
1775839019.4100752,0.0,0.0,0.0,0.0,0.0,0.0,4095.0,4095.0,4095.0,4095.0,straight_drive
1775839019.4250102,0.0,0.0,0.0,0.0,0.0,0.0,4095.0,4095.0,4095.0,4095.0,straight_drive
1775839019.4403205,0.0,0.0,0.0,0.0,0.0,0.0,4095.0,4095.0,4095.0,4095.0,straight_drive
1775839019.4444127,0.0,0.0,0.0,0.0,0.0,0.0,4095.0,4095.0,4095.0,4095.0,straight_drive
1775839019.4712095,0.0,0.0,0.0,0.0,0.0,0.0,4095.0,4095.0,4095.0,4095.0,straight_drive
1775839019.486733,0.0,0.0,0.0,0.0,0.0,0.0,4095.0,4095.0,4095.0,4095.0,straight_drive
1775839019.4907875,0.0,0.0,0.0,0.0,0.0,0.0,4095.0,4095.0,4095.0,4095.0,straight_drive
1775839019.4947484,0.0,0.0,0.0,0.0,0.0,0.0,4095.0,4095.0,4095.0,4095.0,straight_drive
1775839019.519274,0.0,0.0,0.0,0.0,0.0,0.0,4095.0,4095.0,4095.0,4095.0,straight_drive
1775839019.5349336,0.0,0.0,0.0,0.0,0.0,0.0,4095.0,4095.0,4095.0,4095.0,straight_drive
1775839019.5560439,0.0,0.0,0.0,0.0,0.0,0.0,4095.0,4095.0,4095.0,4095.0,straight_drive
1775839019.569165,0.0,0.0,0.0,0.0,0.0,0.0,4095.0,4095.0,4095.0,4095.0,straight_drive
1775839019.595688,0.0,0.0,0.0,0.0,0.0,0.0,4095.0,4095.0,4095.0,4095.0,straight_drive
1775839019.611216,0.0,0.0,0.0,0.0,0.0,0.0,4095.0,4095.0,4095.0,4095.0,straight_drive
1775839019.6158094,0.0,0.0,0.0,0.0,0.0,0.0,4095.0,4095.0,4095.0,4095.0,straight_drive
1775839019.6429253,0.0,0.0,0.0,0.0,0.0,0.0,4095.0,4095.0,4095.0,4095.0,straight_drive
1775839019.658106,0.0,0.0,0.0,0.0,0.0,0.0,4095.0,4095.0,4095.0,4095.0,straight_drive
1775839019.6733363,0.0,0.0,0.0,0.0,0.0,0.0,4095.0,4095.0,4095.0,4095.0,straight_drive
1775839019.678036,0.0,0.0,0.0,0.0,0.0,0.0,4095.0,4095.0,4095.0,4095.0,straight_drive
1775839019.7026498,0.0,0.0,0.0,0.0,0.0,0.0,4095.0,4095.0,4095.0,4095.0,straight_drive
1775839019.706757,0.0,0.0,0.0,0.0,0.0,0.0,4095.0,4095.0,4095.0,4095.0,straight_drive
1775839019.733253,0.0,0.0,0.0,0.0,0.0,0.0,4095.0,4095.0,4095.0,4095.0,straight_drive
1775839019.738506,0.0,0.0,0.0,0.0,0.0,0.0,4095.0,4095.0,4095.0,4095.0,straight_drive
1775839019.7680864,0.0,0.0,0.0,0.0,0.0,0.0,4095.0,4095.0,4095.0,4095.0,straight_drive
1775839019.7834291,0.0,0.0,0.0,0.0,0.0,0.0,4095.0,4095.0,4095.0,4095.0,straight_drive
1775839019.811605,0.0,0.0,0.0,0.0,0.0,0.0,4095.0,4095.0,4095.0,4095.0,straight_drive
1775839019.8163197,0.0,0.0,0.0,0.0,0.0,0.0,4095.0,4095.0,4095.0,4095.0,straight_drive
1775839019.821291,0.0,0.0,0.0,0.0,0.0,0.0,4095.0,4095.0,4095.0,4095.0,straight_drive
1775839019.8410456,0.0,0.0,0.0,0.0,0.0,0.0,4095.0,4095.0,4095.0,4095.0,straight_drive
1775839019.8468137,0.0,0.0,0.0,0.0,0.0,0.0,4095.0,4095.0,4095.0,4095.0,straight_drive
1775839019.8723252,0.0,0.0,0.0,0.0,0.0,0.0,4095.0,4095.0,4095.0,4095.0,straight_drive
1775839019.8767378,0.0,0.0,0.0,0.0,0.0,0.0,4095.0,4095.0,4095.0,4095.0,straight_drive
1775839019.8813229,0.0,0.0,0.0,0.0,0.0,0.0,4095.0,4095.0,4095.0,4095.0,straight_drive
1775839019.8855312,0.0,0.0,0.0,0.0,0.0,0.0,4095.0,4095.0,4095.0,4095.0,straight_drive
1775839019.8915446,0.0,0.0,0.0,0.0,0.0,0.0,4095.0,4095.0,4095.0,4095.0,straight_drive
1775839019.8953245,0.0,0.0,0.0,0.0,0.0,0.0,4095.0,4095.0,4095.0,4095.0,straight_drive
1775839019.8996155,0.0,0.0,0.0,0.0,0.0,0.0,4095.0,4095.0,4095.0,4095.0,straight_drive
1775839019.9045155,0.0,0.0,0.0,0.0,0.0,0.0,4095.0,4095.0,4095.0,4095.0,straight_drive
1775839019.9212708,0.0,0.0,0.0,0.0,0.0,0.0,4095.0,4095.0,4095.0,4095.0,straight_drive
1775839019.9350994,0.0,0.0,0.0,0.0,0.0,0.0,4095.0,4095.0,4095.0,4095.0,straight_drive
1775839019.9506364,0.0,0.0,0.0,0.0,0.0,0.0,4095.0,4095.0,4095.0,4095.0,straight_drive
1775839019.955636,0.0,0.0,0.0,0.0,0.0,0.0,4095.0,4095.0,4095.0,4095.0,straight_drive
1775839019.9854395,0.0,0.0,0.0,0.0,0.0,0.0,4095.0,4095.0,4095.0,4095.0,straight_drive
1775839020.0215688,0.0,0.0,0.0,0.0,0.0,0.0,4095.0,4095.0,4095.0,4095.0,straight_drive
1775839020.0361192,0.0,0.0,0.0,0.0,0.0,0.0,4095.0,4095.0,4095.0,4095.0,straight_drive
1775839020.0404558,0.0,0.0,0.0,0.0,0.0,0.0,4095.0,4095.0,4095.0,4095.0,straight_drive
1775839020.058791,0.0,0.0,0.0,0.0,0.0,0.0,4095.0,4095.0,4095.0,4095.0,straight_drive
1775839020.0629396,0.0,0.0,0.0,0.0,0.0,0.0,4095.0,4095.0,4095.0,4095.0,straight_drive
1775839020.066926,0.0,0.0,0.0,0.0,0.0,0.0,4095.0,4095.0,4095.0,4095.0,straight_drive
1775839020.090183,0.0,0.0,0.0,0.0,0.0,0.0,4095.0,4095.0,4095.0,4095.0,straight_drive
1775839020.1050055,0.0,0.0,0.0,0.0,0.0,0.0,4095.0,4095.0,4095.0,4095.0,straight_drive
1775839020.1093054,0.0,0.0,0.0,0.0,0.0,0.0,4095.0,4095.0,4095.0,4095.0,straight_drive
1775839020.1368852,0.0,0.0,0.0,0.0,0.0,0.0,4095.0,4095.0,4095.0,4095.0,straight_drive
1775839020.1531403,0.0,0.0,0.0,0.0,0.0,0.0,4095.0,4095.0,4095.0,4095.0,straight_drive
1775839020.168118,0.0,0.0,0.0,0.0,0.0,0.0,4095.0,4095.0,4095.0,4095.0,straight_drive
1775839020.1734238,0.0,0.0,0.0,0.0,0.0,0.0,4095.0,4095.0,4095.0,4095.0,straight_drive
1775839020.2007058,0.0,0.0,0.0,0.0,0.0,0.0,4095.0,4095.0,4095.0,4095.0,straight_drive
1775839020.215597,0.0,0.0,0.0,0.0,0.0,0.0,4095.0,4095.0,4095.0,4095.0,straight_drive
1775839020.2212396,0.0,0.0,0.0,0.0,0.0,0.0,4095.0,4095.0,4095.0,4095.0,straight_drive
1775839020.226219,0.0,0.0,0.0,0.0,0.0,0.0,4095.0,4095.0,4095.0,4095.0,straight_drive
1775839020.2313588,0.0,0.0,0.0,0.0,0.0,0.0,4095.0,4095.0,4095.0,4095.0,straight_drive
1775839020.2492971,0.0,0.0,0.0,0.0,0.0,0.0,4095.0,4095.0,4095.0,4095.0,straight_drive
1775839020.2760913,0.0,0.0,0.0,0.0,0.0,0.0,4095.0,4095.0,4095.0,4095.0,straight_drive
1775839020.2916887,0.0,0.0,0.0,0.0,0.0,0.0,4095.0,4095.0,4095.0,4095.0,straight_drive
1775839020.2971478,0.0,0.0,0.0,0.0,0.0,0.0,4095.0,4095.0,4095.0,4095.0,straight_drive
1775839020.323084,0.0,0.0,0.0,0.0,0.0,0.0,4095.0,4095.0,4095.0,4095.0,straight_drive
1775839020.3368948,0.0,0.0,0.0,0.0,0.0,0.0,4095.0,4095.0,4095.0,4095.0,straight_drive
1775839020.3540068,0.0,0.0,0.0,0.0,0.0,0.0,4095.0,4095.0,4095.0,4095.0,straight_drive
1775839020.3829587,0.0,0.0,0.0,0.0,0.0,0.0,4095.0,4095.0,4095.0,4095.0,straight_drive
1775839020.388194,0.0,0.0,0.0,0.0,0.0,0.0,4095.0,4095.0,4095.0,4095.0,straight_drive
1775839020.4130294,0.0,0.0,0.0,0.0,0.0,0.0,4095.0,4095.0,4095.0,4095.0,straight_drive
1775839020.417697,0.0,0.0,0.0,0.0,0.0,0.0,4095.0,4095.0,4095.0,4095.0,straight_drive
1775839020.4453955,0.0,0.0,0.0,0.0,0.0,0.0,4095.0,4095.0,4095.0,4095.0,straight_drive
1775839020.46001,0.0,0.0,0.0,0.0,0.0,0.0,4095.0,4095.0,4095.0,4095.0,straight_drive
1775839020.482542,0.0,0.0,0.0,0.0,0.0,0.0,4095.0,4095.0,4095.0,4095.0,straight_drive
1775839020.489673,0.0,0.0,0.0,0.0,0.0,0.0,4095.0,4095.0,4095.0,4095.0,straight_drive
1775839020.5065691,0.0,0.0,0.0,0.0,0.0,0.0,4095.0,4095.0,4095.0,4095.0,straight_drive
1775839020.5105693,0.0,0.0,0.0,0.0,0.0,0.0,4095.0,4095.0,4095.0,4095.0,straight_drive
1775839020.5370371,0.0,0.0,0.0,0.0,0.0,0.0,4095.0,4095.0,4095.0,4095.0,straight_drive
1775839020.5413878,0.0,0.0,0.0,0.0,0.0,0.0,4095.0,4095.0,4095.0,4095.0,straight_drive
1775839020.569274,0.0,0.0,0.0,0.0,0.0,0.0,4095.0,4095.0,4095.0,4095.0,straight_drive
1775839020.5754685,0.0,0.0,0.0,0.0,0.0,0.0,4095.0,4095.0,4095.0,4095.0,straight_drive
1775839020.5993047,0.0,0.0,0.0,0.0,0.0,0.0,4095.0,4095.0,4095.0,4095.0,straight_drive
1775839020.605578,0.0,0.0,0.0,0.0,0.0,0.0,4095.0,4095.0,4095.0,4095.0,straight_drive
1775839020.6299684,0.0,0.0,0.0,0.0,0.0,0.0,4095.0,4095.0,4095.0,4095.0,straight_drive
1775839020.6457398,0.0,0.0,0.0,0.0,0.0,0.0,4095.0,4095.0,4095.0,4095.0,straight_drive
1775839020.66048,0.0,0.0,0.0,0.0,0.0,0.0,4095.0,4095.0,4095.0,4095.0,straight_drive
1775839020.6643844,0.0,0.0,0.0,0.0,0.0,0.0,4095.0,4095.0,4095.0,4095.0,straight_drive
1775839020.6909597,0.0,0.0,0.0,0.0,0.0,0.0,4095.0,4095.0,4095.0,4095.0,straight_drive
1775839020.7244987,0.0,0.0,0.0,0.0,0.0,0.0,4095.0,4095.0,4095.0,4095.0,straight_drive
1775839020.7535598,0.0,0.0,0.0,0.0,0.0,0.0,4095.0,4095.0,4095.0,4095.0,straight_drive
1775839020.7679713,0.0,0.0,0.0,0.0,0.0,0.0,4095.0,4095.0,4095.0,4095.0,straight_drive
1775839020.784074,0.0,0.0,0.0,0.0,0.0,0.0,4095.0,4095.0,4095.0,4095.0,straight_drive
1775839020.7994258,0.0,0.0,0.0,0.0,0.0,0.0,4095.0,4095.0,4095.0,4095.0,straight_drive
1775839020.8066957,0.0,0.0,0.0,0.0,0.0,0.0,4095.0,4095.0,4095.0,4095.0,straight_drive
1775839020.8298833,0.0,0.0,0.0,0.0,0.0,0.0,4095.0,4095.0,4095.0,4095.0,straight_drive
1775839020.8450751,0.0,0.0,0.0,0.0,0.0,0.0,4095.0,4095.0,4095.0,4095.0,straight_drive
1775839020.849049,0.0,0.0,0.0,0.0,0.0,0.0,4095.0,4095.0,4095.0,4095.0,straight_drive
1775839020.85341,0.0,0.0,0.0,0.0,0.0,0.0,4095.0,4095.0,4095.0,4095.0,straight_drive
1775839020.8574383,0.0,0.0,0.0,0.0,0.0,0.0,4095.0,4095.0,4095.0,4095.0,straight_drive
1775839020.8763223,0.0,0.0,0.0,0.0,0.0,0.0,4095.0,4095.0,4095.0,4095.0,straight_drive
1775839020.8915622,0.0,0.0,0.0,0.0,0.0,0.0,4095.0,4095.0,4095.0,4095.0,straight_drive
1775839020.907339,0.0,0.0,0.0,0.0,0.0,0.0,4095.0,4095.0,4095.0,4095.0,straight_drive
1775839020.9232976,0.0,0.0,0.0,0.0,0.0,0.0,4095.0,4095.0,4095.0,4095.0,straight_drive
1775839020.9398124,0.0,0.0,0.0,0.0,0.0,0.0,4095.0,4095.0,4095.0,4095.0,straight_drive
1775839020.953765,0.0,0.0,0.0,0.0,0.0,0.0,4095.0,4095.0,4095.0,4095.0,straight_drive
1775839020.9685571,0.0,0.0,0.0,0.0,0.0,0.0,4095.0,4095.0,4095.0,4095.0,straight_drive
1775839020.9856448,0.0,0.0,0.0,0.0,0.0,0.0,4095.0,4095.0,4095.0,4095.0,straight_drive
1775839020.9915087,0.0,0.0,0.0,0.0,0.0,0.0,4095.0,4095.0,4095.0,4095.0,straight_drive
1775839020.9973989,0.0,0.0,0.0,0.0,0.0,0.0,4095.0,4095.0,4095.0,4095.0,straight_drive
1775839021.008404,0.0,0.0,0.0,0.0,0.0,0.0,4095.0,4095.0,4095.0,4095.0,straight_drive
1775839021.0155292,0.0,0.0,0.0,0.0,0.0,0.0,4095.0,4095.0,4095.0,4095.0,straight_drive
1775839021.0238628,0.0,0.0,0.0,0.0,0.0,0.0,4095.0,4095.0,4095.0,4095.0,straight_drive
1775839021.046093,0.0,0.0,0.0,0.0,0.0,0.0,4095.0,4095.0,4095.0,4095.0,straight_drive
1775839021.0540397,0.0,0.0,0.0,0.0,0.0,0.0,4095.0,4095.0,4095.0,4095.0,straight_drive
1775839021.059227,0.0,0.0,0.0,0.0,0.0,0.0,4095.0,4095.0,4095.0,4095.0,straight_drive
1775839021.0635648,0.0,0.0,0.0,0.0,0.0,0.0,4095.0,4095.0,4095.0,4095.0,straight_drive
1775839021.0677829,0.0,0.0,0.0,0.0,0.0,0.0,4095.0,4095.0,4095.0,4095.0,straight_drive
1775839021.0721798,0.0,0.0,0.0,0.0,0.0,0.0,4095.0,4095.0,4095.0,4095.0,straight_drive
1775839021.0765636,0.0,0.0,0.0,0.0,0.0,0.0,4095.0,4095.0,4095.0,4095.0,straight_drive
1775839021.0810895,0.0,0.0,0.0,0.0,0.0,0.0,4095.0,4095.0,4095.0,4095.0,straight_drive
1775839021.0852954,0.0,0.0,0.0,0.0,0.0,0.0,4095.0,4095.0,4095.0,4095.0,straight_drive
1775839021.0893133,0.0,0.0,0.0,0.0,0.0,0.0,4095.0,4095.0,4095.0,4095.0,straight_drive
1775839021.1071155,0.0,0.0,0.0,0.0,0.0,0.0,4095.0,4095.0,4095.0,4095.0,straight_drive
1775839021.1208487,0.0,0.0,0.0,0.0,0.0,0.0,4095.0,4095.0,4095.0,4095.0,straight_drive
1775839021.1266706,0.0,0.0,0.0,0.0,0.0,0.0,4095.0,4095.0,4095.0,4095.0,straight_drive
1775839021.1309235,0.0,0.0,0.0,0.0,0.0,0.0,4095.0,4095.0,4095.0,4095.0,straight_drive
1775839021.150917,0.0,0.0,0.0,0.0,0.0,0.0,4095.0,4095.0,4095.0,4095.0,straight_drive
1775839021.1683109,0.0,0.0,0.0,0.0,0.0,0.0,4095.0,4095.0,4095.0,4095.0,straight_drive
1775839021.1819892,0.0,0.0,0.0,0.0,0.0,0.0,4095.0,4095.0,4095.0,4095.0,straight_drive
1775839021.1870782,0.0,0.0,0.0,0.0,0.0,0.0,4095.0,4095.0,4095.0,4095.0,straight_drive
1775839021.2137206,0.0,0.0,0.0,0.0,0.0,0.0,4095.0,4095.0,4095.0,4095.0,straight_drive
1775839021.2193093,0.0,0.0,0.0,0.0,0.0,0.0,4095.0,4095.0,4095.0,4095.0,straight_drive
1775839021.2234328,0.0,0.0,0.0,0.0,0.0,0.0,4095.0,4095.0,4095.0,4095.0,straight_drive
1775839021.227496,0.0,0.0,0.0,0.0,0.0,0.0,4095.0,4095.0,4095.0,4095.0,straight_drive
1775839021.2317102,0.0,0.0,0.0,0.0,0.0,0.0,4095.0,4095.0,4095.0,4095.0,straight_drive
1775839021.2596977,0.0,0.0,0.0,0.0,0.0,0.0,4095.0,4095.0,4095.0,4095.0,straight_drive
1775839021.2745035,0.0,0.0,0.0,0.0,0.0,0.0,4095.0,4095.0,4095.0,4095.0,straight_drive
1775839021.2902095,0.0,0.0,0.0,0.0,0.0,0.0,4095.0,4095.0,4095.0,4095.0,straight_drive
1775839021.3055134,0.0,0.0,0.0,0.0,0.0,0.0,4095.0,4095.0,4095.0,4095.0,straight_drive
1775839021.3088949,0.0,0.0,0.0,0.0,0.0,0.0,4095.0,4095.0,4095.0,4095.0,straight_drive
1775839021.3120065,0.0,0.0,0.0,0.0,0.0,0.0,4095.0,4095.0,4095.0,4095.0,straight_drive
1775839021.3150883,0.0,0.0,0.0,0.0,0.0,0.0,4095.0,4095.0,4095.0,4095.0,straight_drive
1775839021.318468,0.0,0.0,0.0,0.0,0.0,0.0,4095.0,4095.0,4095.0,4095.0,straight_drive
1775839021.3364527,0.0,0.0,0.0,0.0,0.0,0.0,4095.0,4095.0,4095.0,4095.0,straight_drive
1775839021.340017,0.0,0.0,0.0,0.0,0.0,0.0,4095.0,4095.0,4095.0,4095.0,straight_drive
1775839021.343273,0.0,0.0,0.0,0.0,0.0,0.0,4095.0,4095.0,4095.0,4095.0,straight_drive
1775839021.3464913,0.0,0.0,0.0,0.0,0.0,0.0,4095.0,4095.0,4095.0,4095.0,straight_drive
1775839021.3673093,0.0,0.0,0.0,0.0,0.0,0.0,4095.0,4095.0,4095.0,4095.0,straight_drive
1775839021.3971522,0.0,0.0,0.0,0.0,0.0,0.0,4095.0,4095.0,4095.0,4095.0,straight_drive
1775839021.4010022,0.0,0.0,0.0,0.0,0.0,0.0,4095.0,4095.0,4095.0,4095.0,straight_drive
1775839021.4044452,0.0,0.0,0.0,0.0,0.0,0.0,4095.0,4095.0,4095.0,4095.0,straight_drive
1775839021.4076264,0.0,0.0,0.0,0.0,0.0,0.0,4095.0,4095.0,4095.0,4095.0,straight_drive
1775839021.4292853,0.0,0.0,0.0,0.0,0.0,0.0,4095.0,4095.0,4095.0,4095.0,straight_drive
1775839021.43258,0.0,0.0,0.0,0.0,0.0,0.0,4095.0,4095.0,4095.0,4095.0,straight_drive
1775839021.436277,0.0,0.0,0.0,0.0,0.0,0.0,4095.0,4095.0,4095.0,4095.0,straight_drive
1775839021.46005,0.0,0.0,0.0,0.0,0.0,0.0,4095.0,4095.0,4095.0,4095.0,straight_drive
1775839021.4639568,0.0,0.0,0.0,0.0,0.0,0.0,4095.0,4095.0,4095.0,4095.0,straight_drive
1775839021.489924,0.0,0.0,0.0,0.0,0.0,0.0,4095.0,4095.0,4095.0,4095.0,straight_drive
1775839021.4932404,0.0,0.0,0.0,0.0,0.0,0.0,4095.0,4095.0,4095.0,4095.0,straight_drive
1775839021.4970431,0.0,0.0,0.0,0.0,0.0,0.0,4095.0,4095.0,4095.0,4095.0,straight_drive
1775839021.5003405,0.0,0.0,0.0,0.0,0.0,0.0,4095.0,4095.0,4095.0,4095.0,straight_drive
1775839021.522837,0.0,0.0,0.0,0.0,0.0,0.0,4095.0,4095.0,4095.0,4095.0,straight_drive
1775839021.5372736,0.0,0.0,0.0,0.0,0.0,0.0,4095.0,4095.0,4095.0,4095.0,straight_drive
1775839021.5417585,0.0,0.0,0.0,0.0,0.0,0.0,4095.0,4095.0,4095.0,4095.0,straight_drive
1775839021.5674193,0.0,0.0,0.0,0.0,0.0,0.0,4095.0,4095.0,4095.0,4095.0,straight_drive
1775839021.5714216,0.0,0.0,0.0,0.0,0.0,0.0,4095.0,4095.0,4095.0,4095.0,straight_drive
1775839021.618709,0.0,0.0,0.0,0.0,0.0,0.0,4095.0,4095.0,4095.0,4095.0,straight_drive
1775839021.645329,0.0,0.0,0.0,0.0,0.0,0.0,4095.0,4095.0,4095.0,4095.0,straight_drive
1775839021.648658,0.0,0.0,0.0,0.0,0.0,0.0,4095.0,4095.0,4095.0,4095.0,straight_drive
1775839021.652735,0.0,0.0,0.0,0.0,0.0,0.0,4095.0,4095.0,4095.0,4095.0,straight_drive
1775839021.6565316,0.0,0.0,0.0,0.0,0.0,0.0,4095.0,4095.0,4095.0,4095.0,straight_drive
1775839021.6602323,0.0,0.0,0.0,0.0,0.0,0.0,4095.0,4095.0,4095.0,4095.0,straight_drive
1775839021.6635227,0.0,0.0,0.0,0.0,0.0,0.0,4095.0,4095.0,4095.0,4095.0,straight_drive
1775839021.6673024,0.0,0.0,0.0,0.0,0.0,0.0,4095.0,4095.0,4095.0,4095.0,straight_drive
1775839021.6705666,0.0,0.0,0.0,0.0,0.0,0.0,4095.0,4095.0,4095.0,4095.0,straight_drive
1775839021.6926284,0.0,0.0,0.0,0.0,0.0,0.0,4095.0,4095.0,4095.0,4095.0,straight_drive
1775839021.7074523,0.0,0.0,0.0,0.0,0.0,0.0,4095.0,4095.0,4095.0,4095.0,straight_drive
1775839021.7110896,0.0,0.0,0.0,0.0,0.0,0.0,4095.0,4095.0,4095.0,4095.0,straight_drive
1775839021.7145898,0.0,0.0,0.0,0.0,0.0,0.0,4095.0,4095.0,4095.0,4095.0,straight_drive
1775839021.7381847,0.0,0.0,0.0,0.0,0.0,0.0,4095.0,4095.0,4095.0,4095.0,straight_drive
1775839021.7418041,0.0,0.0,0.0,0.0,0.0,0.0,4095.0,4095.0,4095.0,4095.0,straight_drive
1775839021.7692778,0.0,0.0,0.0,0.0,0.0,0.0,4095.0,4095.0,4095.0,4095.0,straight_drive
1775839021.7732964,0.0,0.0,0.0,0.0,0.0,0.0,4095.0,4095.0,4095.0,4095.0,straight_drive
1775839021.7770202,0.0,0.0,0.0,0.0,0.0,0.0,4095.0,4095.0,4095.0,4095.0,straight_drive
1775839021.7803388,0.0,0.0,0.0,0.0,0.0,0.0,4095.0,4095.0,4095.0,4095.0,straight_drive
1775839021.8004568,0.0,0.0,0.0,0.0,0.0,0.0,4095.0,4095.0,4095.0,4095.0,straight_drive
1775839021.814584,0.0,0.0,0.0,0.0,0.0,0.0,4095.0,4095.0,4095.0,4095.0,straight_drive
1775839021.8188088,0.0,0.0,0.0,0.0,0.0,0.0,4095.0,4095.0,4095.0,4095.0,straight_drive
1775839021.845876,0.0,0.0,0.0,0.0,0.0,0.0,4095.0,4095.0,4095.0,4095.0,straight_drive
1775839021.8625147,0.0,0.0,0.0,0.0,0.0,0.0,4095.0,4095.0,4095.0,4095.0,straight_drive
1775839021.8667634,0.0,0.0,0.0,0.0,0.0,0.0,4095.0,4095.0,4095.0,4095.0,straight_drive
1775839021.8704894,0.0,0.0,0.0,0.0,0.0,0.0,4095.0,4095.0,4095.0,4095.0,straight_drive
1775839021.873726,0.0,0.0,0.0,0.0,0.0,0.0,4095.0,4095.0,4095.0,4095.0,straight_drive
1775839021.8932552,0.0,0.0,0.0,0.0,0.0,0.0,4095.0,4095.0,4095.0,4095.0,straight_drive
1775839021.897564,0.0,0.0,0.0,0.0,0.0,0.0,4095.0,4095.0,4095.0,4095.0,straight_drive
1775839021.901477,0.0,0.0,0.0,0.0,0.0,0.0,4095.0,4095.0,4095.0,4095.0,straight_drive
1775839021.904818,0.0,0.0,0.0,0.0,0.0,0.0,4095.0,4095.0,4095.0,4095.0,straight_drive
1775839021.9242163,0.0,0.0,0.0,0.0,0.0,0.0,4095.0,4095.0,4095.0,4095.0,straight_drive
1775839021.9385524,0.0,0.0,0.0,0.0,0.0,0.0,4095.0,4095.0,4095.0,4095.0,straight_drive
1775839021.9421368,0.0,0.0,0.0,0.0,0.0,0.0,4095.0,4095.0,4095.0,4095.0,straight_drive
1775839021.9464014,0.0,0.0,0.0,0.0,0.0,0.0,4095.0,4095.0,4095.0,4095.0,straight_drive
1775839021.9507809,0.0,0.0,0.0,0.0,0.0,0.0,4095.0,4095.0,4095.0,4095.0,straight_drive
1775839021.9564073,0.0,0.0,0.0,0.0,0.0,0.0,4095.0,4095.0,4095.0,4095.0,straight_drive
1775839021.9611425,0.0,0.0,0.0,0.0,0.0,0.0,4095.0,4095.0,4095.0,4095.0,straight_drive
1775839021.9859297,0.0,0.0,0.0,0.0,0.0,0.0,4095.0,4095.0,4095.0,4095.0,straight_drive
1775839022.0012918,0.0,0.0,0.0,0.0,0.0,0.0,4095.0,4095.0,4095.0,4095.0,straight_drive
1775839022.015841,0.0,0.0,0.0,0.0,0.0,0.0,4095.0,4095.0,4095.0,4095.0,straight_drive
1775839022.0217187,0.0,0.0,0.0,0.0,0.0,0.0,4095.0,4095.0,4095.0,4095.0,straight_drive
1775839022.0513437,0.0,0.0,0.0,0.0,0.0,0.0,4095.0,4095.0,4095.0,4095.0,straight_drive
1775839022.0634112,0.0,0.0,0.0,0.0,0.0,0.0,4095.0,4095.0,4095.0,4095.0,straight_drive
1775839022.0928729,0.0,0.0,0.0,0.0,0.0,0.0,4095.0,4095.0,4095.0,4095.0,straight_drive
1775839022.097014,0.0,0.0,0.0,0.0,0.0,0.0,4095.0,4095.0,4095.0,4095.0,straight_drive
1775839022.123519,0.0,0.0,0.0,0.0,0.0,0.0,4095.0,4095.0,4095.0,4095.0,straight_drive
1775839022.138723,0.0,0.0,0.0,0.0,0.0,0.0,4095.0,4095.0,4095.0,4095.0,straight_drive
1775839022.1427343,0.0,0.0,0.0,0.0,0.0,0.0,4095.0,4095.0,4095.0,4095.0,straight_drive
1775839022.168946,0.0,0.0,0.0,0.0,0.0,0.0,4095.0,4095.0,4095.0,4095.0,straight_drive
1775839022.1837654,0.0,0.0,0.0,0.0,0.0,0.0,4095.0,4095.0,4095.0,4095.0,straight_drive
1775839022.199025,0.0,0.0,0.0,0.0,0.0,0.0,4095.0,4095.0,4095.0,4095.0,straight_drive
1775839022.2032595,0.0,0.0,0.0,0.0,0.0,0.0,4095.0,4095.0,4095.0,4095.0,straight_drive
1775839022.230921,0.0,0.0,0.0,0.0,0.0,0.0,4095.0,4095.0,4095.0,4095.0,straight_drive
1775839022.2362158,0.0,0.0,0.0,0.0,0.0,0.0,4095.0,4095.0,4095.0,4095.0,straight_drive
1775839022.2410705,0.0,0.0,0.0,0.0,0.0,0.0,4095.0,4095.0,4095.0,4095.0,straight_drive
1775839022.2611046,0.0,0.0,0.0,0.0,0.0,0.0,4095.0,4095.0,4095.0,4095.0,straight_drive
1775839022.2762926,0.0,0.0,0.0,0.0,0.0,0.0,4095.0,4095.0,4095.0,4095.0,straight_drive
1775839022.2909722,0.0,0.0,0.0,0.0,0.0,0.0,4095.0,4095.0,4095.0,4095.0,straight_drive
1775839022.3148828,0.0,0.0,0.0,0.0,0.0,0.0,4095.0,4095.0,4095.0,4095.0,straight_drive
1775839022.3210137,0.0,0.0,0.0,0.0,0.0,0.0,4095.0,4095.0,4095.0,4095.0,straight_drive
1775839022.3257654,0.0,0.0,0.0,0.0,0.0,0.0,4095.0,4095.0,4095.0,4095.0,straight_drive
1775839022.3301072,0.0,0.0,0.0,0.0,0.0,0.0,4095.0,4095.0,4095.0,4095.0,straight_drive
1775839022.334546,0.0,0.0,0.0,0.0,0.0,0.0,4095.0,4095.0,4095.0,4095.0,straight_drive
1775839022.3403804,0.0,0.0,0.0,0.0,0.0,0.0,4095.0,4095.0,4095.0,4095.0,straight_drive
1775839022.345369,0.0,0.0,0.0,0.0,0.0,0.0,4095.0,4095.0,4095.0,4095.0,straight_drive
1775839022.368323,0.0,0.0,0.0,0.0,0.0,0.0,4095.0,4095.0,4095.0,4095.0,straight_drive
1775839022.3838227,0.0,0.0,0.0,0.0,0.0,0.0,4095.0,4095.0,4095.0,4095.0,straight_drive
1775839022.399962,0.0,0.0,0.0,0.0,0.0,0.0,4095.0,4095.0,4095.0,4095.0,straight_drive
1775839022.4034402,0.0,0.0,0.0,0.0,0.0,0.0,4095.0,4095.0,4095.0,4095.0,straight_drive
1775839022.407095,0.0,0.0,0.0,0.0,0.0,0.0,4095.0,4095.0,4095.0,4095.0,straight_drive
1775839022.4293962,0.0,0.0,0.0,0.0,0.0,0.0,4095.0,4095.0,4095.0,4095.0,straight_drive
1775839022.4451742,0.0,0.0,0.0,0.0,0.0,0.0,4095.0,4095.0,4095.0,4095.0,straight_drive
1775839022.4486773,0.0,0.0,0.0,0.0,0.0,0.0,4095.0,4095.0,4095.0,4095.0,straight_drive
1775839022.4754467,0.0,0.0,0.0,0.0,0.0,0.0,4095.0,4095.0,4095.0,4095.0,straight_drive
1775839022.4901145,0.0,0.0,0.0,0.0,0.0,0.0,4095.0,4095.0,4095.0,4095.0,straight_drive
1775839022.5049205,0.0,0.0,0.0,0.0,0.0,0.0,4095.0,4095.0,4095.0,4095.0,straight_drive
1775839022.5353608,0.0,0.0,0.0,0.0,0.0,0.0,4095.0,4095.0,4095.0,4095.0,straight_drive
1775839022.551381,0.0,0.0,0.0,0.0,0.0,0.0,4095.0,4095.0,4095.0,4095.0,straight_drive
1775839022.5668814,0.0,0.0,0.0,0.0,0.0,0.0,4095.0,4095.0,4095.0,4095.0,straight_drive
1775839022.571431,0.0,0.0,0.0,0.0,0.0,0.0,4095.0,4095.0,4095.0,4095.0,straight_drive
1775839022.5974598,0.0,0.0,0.0,0.0,0.0,0.0,4095.0,4095.0,4095.0,4095.0,straight_drive
1775839022.6134071,0.0,0.0,0.0,0.0,0.0,0.0,4095.0,4095.0,4095.0,4095.0,straight_drive
1775839022.62024,0.0,0.0,0.0,0.0,0.0,0.0,4095.0,4095.0,4095.0,4095.0,straight_drive
1775839022.6435769,0.0,0.0,0.0,0.0,0.0,0.0,4095.0,4095.0,4095.0,4095.0,straight_drive
1775839022.6596172,0.0,0.0,0.0,0.0,0.0,0.0,4095.0,4095.0,4095.0,4095.0,straight_drive
1775839022.675433,0.0,0.0,0.0,0.0,0.0,0.0,4095.0,4095.0,4095.0,4095.0,straight_drive
1775839022.689697,0.0,0.0,0.0,0.0,0.0,0.0,4095.0,4095.0,4095.0,4095.0,straight_drive
1775839022.7054353,0.0,0.0,0.0,0.0,0.0,0.0,4095.0,4095.0,4095.0,4095.0,straight_drive
1775839022.7099407,0.0,0.0,0.0,0.0,0.0,0.0,4095.0,4095.0,4095.0,4095.0,straight_drive
1775839022.7544243,0.0,0.0,0.0,0.0,0.0,0.0,4095.0,4095.0,4095.0,4095.0,straight_drive
1775839022.7808347,0.0,0.0,0.0,0.0,0.0,0.0,4095.0,4095.0,4095.0,4095.0,straight_drive
1775839022.7848806,0.0,0.0,0.0,0.0,0.0,0.0,4095.0,4095.0,4095.0,4095.0,straight_drive
1775839022.7884808,0.0,0.0,0.0,0.0,0.0,0.0,4095.0,4095.0,4095.0,4095.0,straight_drive
1775839022.7915807,0.0,0.0,0.0,0.0,0.0,0.0,4095.0,4095.0,4095.0,4095.0,straight_drive
1775839022.812786,0.0,0.0,0.0,0.0,0.0,0.0,4095.0,4095.0,4095.0,4095.0,straight_drive
1775839022.8278263,0.0,0.0,0.0,0.0,0.0,0.0,4095.0,4095.0,4095.0,4095.0,straight_drive
1775839022.8428938,0.0,0.0,0.0,0.0,0.0,0.0,4095.0,4095.0,4095.0,4095.0,straight_drive
1775839022.8584268,0.0,0.0,0.0,0.0,0.0,0.0,4095.0,4095.0,4095.0,4095.0,straight_drive
1775839022.8736653,0.0,0.0,0.0,0.0,0.0,0.0,4095.0,4095.0,4095.0,4095.0,straight_drive
1775839022.8777149,0.0,0.0,0.0,0.0,0.0,0.0,4095.0,4095.0,4095.0,4095.0,straight_drive
1775839022.9047763,0.0,0.0,0.0,0.0,0.0,0.0,4095.0,4095.0,4095.0,4095.0,straight_drive
1775839022.9101772,0.0,0.0,0.0,0.0,0.0,0.0,4095.0,4095.0,4095.0,4095.0,straight_drive
1775839022.935287,0.0,0.0,0.0,0.0,0.0,0.0,4095.0,4095.0,4095.0,4095.0,straight_drive
1775839022.9398644,0.0,0.0,0.0,0.0,0.0,0.0,4095.0,4095.0,4095.0,4095.0,straight_drive
1775839022.943487,0.0,0.0,0.0,0.0,0.0,0.0,4095.0,4095.0,4095.0,4095.0,straight_drive
1775839022.9466152,0.0,0.0,0.0,0.0,0.0,0.0,4095.0,4095.0,4095.0,4095.0,straight_drive
1775839022.9502668,0.0,0.0,0.0,0.0,0.0,0.0,4095.0,4095.0,4095.0,4095.0,straight_drive
1775839022.9756842,0.0,0.0,0.0,0.0,0.0,0.0,4095.0,4095.0,4095.0,4095.0,straight_drive
1775839022.9794126,0.0,0.0,0.0,0.0,0.0,0.0,4095.0,4095.0,4095.0,4095.0,straight_drive
1775839022.9833577,0.0,0.0,0.0,0.0,0.0,0.0,4095.0,4095.0,4095.0,4095.0,straight_drive
1775839022.987059,0.0,0.0,0.0,0.0,0.0,0.0,4095.0,4095.0,4095.0,4095.0,straight_drive
1775839022.990293,0.0,0.0,0.0,0.0,0.0,0.0,4095.0,4095.0,4095.0,4095.0,straight_drive
1775839022.9940884,0.0,0.0,0.0,0.0,0.0,0.0,4095.0,4095.0,4095.0,4095.0,straight_drive
1775839023.013536,0.0,0.0,0.0,0.0,0.0,0.0,4095.0,4095.0,4095.0,4095.0,straight_drive
1775839023.0295658,0.0,0.0,0.0,0.0,0.0,0.0,4095.0,4095.0,4095.0,4095.0,straight_drive
1775839023.0451977,0.0,0.0,0.0,0.0,0.0,0.0,4095.0,4095.0,4095.0,4095.0,straight_drive
1775839023.0613017,0.0,0.0,0.0,0.0,0.0,0.0,4095.0,4095.0,4095.0,4095.0,straight_drive
1775839023.0657413,0.0,0.0,0.0,0.0,0.0,0.0,4095.0,4095.0,4095.0,4095.0,straight_drive
1775839023.0709267,0.0,0.0,0.0,0.0,0.0,0.0,4095.0,4095.0,4095.0,4095.0,straight_drive
1775839023.091373,0.0,0.0,0.0,0.0,0.0,0.0,4095.0,4095.0,4095.0,4095.0,straight_drive
1775839023.1064036,0.0,0.0,0.0,0.0,0.0,0.0,4095.0,4095.0,4095.0,4095.0,straight_drive
1775839023.1098566,0.0,0.0,0.0,0.0,0.0,0.0,4095.0,4095.0,4095.0,4095.0,straight_drive
1775839023.1372685,0.0,0.0,0.0,0.0,0.0,0.0,4095.0,4095.0,4095.0,4095.0,straight_drive
1775839023.1527379,0.0,0.0,0.0,0.0,0.0,0.0,4095.0,4095.0,4095.0,4095.0,straight_drive
1775839023.169664,0.0,0.0,0.0,0.0,0.0,0.0,4095.0,4095.0,4095.0,4095.0,straight_drive
1775839023.1889513,0.0,0.0,0.0,0.0,0.0,0.0,4095.0,4095.0,4095.0,4095.0,straight_drive
1775839023.2044241,0.0,0.0,0.0,0.0,0.0,0.0,4095.0,4095.0,4095.0,4095.0,straight_drive
1775839023.2306468,0.0,0.0,0.0,0.0,0.0,0.0,4095.0,4095.0,4095.0,4095.0,straight_drive
1775839023.2457047,0.0,0.0,0.0,0.0,0.0,0.0,4095.0,4095.0,4095.0,4095.0,straight_drive
1775839023.2604594,0.0,0.0,0.0,0.0,0.0,0.0,4095.0,4095.0,4095.0,4095.0,straight_drive
1775839023.264255,0.0,0.0,0.0,0.0,0.0,0.0,4095.0,4095.0,4095.0,4095.0,straight_drive
1775839023.2688339,0.0,0.0,0.0,0.0,0.0,0.0,4095.0,4095.0,4095.0,4095.0,straight_drive
1775839023.2743626,0.0,0.0,0.0,0.0,0.0,0.0,4095.0,4095.0,4095.0,4095.0,straight_drive
1775839023.293727,0.0,0.0,0.0,0.0,0.0,0.0,4095.0,4095.0,4095.0,4095.0,straight_drive
1775839023.3084314,0.0,0.0,0.0,0.0,0.0,0.0,4095.0,4095.0,4095.0,4095.0,straight_drive
1775839023.3243392,0.0,0.0,0.0,0.0,0.0,0.0,4095.0,4095.0,4095.0,4095.0,straight_drive
1775839023.339818,0.0,0.0,0.0,0.0,0.0,0.0,4095.0,4095.0,4095.0,4095.0,straight_drive
1775839023.3550127,0.0,0.0,0.0,0.0,0.0,0.0,4095.0,4095.0,4095.0,4095.0,straight_drive
1775839023.358495,0.0,0.0,0.0,0.0,0.0,0.0,4095.0,4095.0,4095.0,4095.0,straight_drive
1775839023.3617275,0.0,0.0,0.0,0.0,0.0,0.0,4095.0,4095.0,4095.0,4095.0,straight_drive
1775839023.3865101,0.0,0.0,0.0,0.0,0.0,0.0,4095.0,4095.0,4095.0,4095.0,straight_drive
1775839023.3914528,0.0,0.0,0.0,0.0,0.0,0.0,4095.0,4095.0,4095.0,4095.0,straight_drive
1775839023.395284,0.0,0.0,0.0,0.0,0.0,0.0,4095.0,4095.0,4095.0,4095.0,straight_drive
1775839023.4173987,0.0,0.0,0.0,0.0,0.0,0.0,4095.0,4095.0,4095.0,4095.0,straight_drive
1775839023.433231,0.0,0.0,0.0,0.0,0.0,0.0,4095.0,4095.0,4095.0,4095.0,straight_drive
1775839023.4423027,0.0,0.0,0.0,0.0,0.0,0.0,4095.0,4095.0,4095.0,4095.0,straight_drive
1775839023.4639173,0.0,0.0,0.0,0.0,0.0,0.0,4095.0,4095.0,4095.0,4095.0,straight_drive
1775839023.478816,0.0,0.0,0.0,0.0,0.0,0.0,4095.0,4095.0,4095.0,4095.0,straight_drive
1775839023.483107,0.0,0.0,0.0,0.0,0.0,0.0,4095.0,4095.0,4095.0,4095.0,straight_drive
1775839023.487335,0.0,0.0,0.0,0.0,0.0,0.0,4095.0,4095.0,4095.0,4095.0,straight_drive
1775839023.50863,0.0,0.0,0.0,0.0,0.0,0.0,4095.0,4095.0,4095.0,4095.0,straight_drive
1775839023.5235128,0.0,0.0,0.0,0.0,0.0,0.0,4095.0,4095.0,4095.0,4095.0,straight_drive
1775839023.538786,0.0,0.0,0.0,0.0,0.0,0.0,4095.0,4095.0,4095.0,4095.0,straight_drive
1775839023.554126,0.0,0.0,0.0,0.0,0.0,0.0,4095.0,4095.0,4095.0,4095.0,straight_drive
1775839023.570192,0.0,0.0,0.0,0.0,0.0,0.0,4095.0,4095.0,4095.0,4095.0,straight_drive
1775839023.574126,0.0,0.0,0.0,0.0,0.0,0.0,4095.0,4095.0,4095.0,4095.0,straight_drive
1775839023.5788255,0.0,0.0,0.0,0.0,0.0,0.0,4095.0,4095.0,4095.0,4095.0,straight_drive
1775839023.6015818,0.0,0.0,0.0,0.0,0.0,0.0,4095.0,4095.0,4095.0,4095.0,straight_drive
1775839023.6054842,0.0,0.0,0.0,0.0,0.0,0.0,4095.0,4095.0,4095.0,4095.0,straight_drive
1775839023.6090965,0.0,0.0,0.0,0.0,0.0,0.0,4095.0,4095.0,4095.0,4095.0,straight_drive
1775839023.6327047,0.0,0.0,0.0,0.0,0.0,0.0,4095.0,4095.0,4095.0,4095.0,straight_drive
1775839023.6379786,0.0,0.0,0.0,0.0,0.0,0.0,4095.0,4095.0,4095.0,4095.0,straight_drive
1775839023.665765,0.0,0.0,0.0,0.0,0.0,0.0,4095.0,4095.0,4095.0,4095.0,straight_drive
1775839023.6943064,0.0,0.0,0.0,0.0,0.0,0.0,4095.0,4095.0,4095.0,4095.0,straight_drive
1775839023.7096412,0.0,0.0,0.0,0.0,0.0,0.0,4095.0,4095.0,4095.0,4095.0,straight_drive
1775839023.713027,0.0,0.0,0.0,0.0,0.0,0.0,4095.0,4095.0,4095.0,4095.0,straight_drive
1775839023.7403066,0.0,0.0,0.0,0.0,0.0,0.0,4095.0,4095.0,4095.0,4095.0,straight_drive
1775839023.7691658,0.0,0.0,0.0,0.0,0.0,0.0,4095.0,4095.0,4095.0,4095.0,straight_drive
1775839023.7850254,0.0,0.0,0.0,0.0,0.0,0.0,4095.0,4095.0,4095.0,4095.0,straight_drive
1775839023.788626,0.0,0.0,0.0,0.0,0.0,0.0,4095.0,4095.0,4095.0,4095.0,straight_drive
1775839023.7921476,0.0,0.0,0.0,0.0,0.0,0.0,4095.0,4095.0,4095.0,4095.0,straight_drive
1775839023.8169763,0.0,0.0,0.0,0.0,0.0,0.0,4095.0,4095.0,4095.0,4095.0,straight_drive
1775839023.821891,0.0,0.0,0.0,0.0,0.0,0.0,4095.0,4095.0,4095.0,4095.0,straight_drive
1775839023.8482435,0.0,0.0,0.0,0.0,0.0,0.0,4095.0,4095.0,4095.0,4095.0,straight_drive
1775839023.8519757,0.0,0.0,0.0,0.0,0.0,0.0,4095.0,4095.0,4095.0,4095.0,straight_drive
1775839023.8851116,0.0,0.0,0.0,0.0,0.0,0.0,4095.0,4095.0,4095.0,4095.0,straight_drive
1775839023.9095402,0.0,0.0,0.0,0.0,0.0,0.0,4095.0,4095.0,4095.0,4095.0,straight_drive
1775839023.913189,0.0,0.0,0.0,0.0,0.0,0.0,4095.0,4095.0,4095.0,4095.0,straight_drive
1775839023.9398134,0.0,0.0,0.0,0.0,0.0,0.0,4095.0,4095.0,4095.0,4095.0,straight_drive
1775839023.956112,0.0,0.0,0.0,0.0,0.0,0.0,4095.0,4095.0,4095.0,4095.0,straight_drive
1775839023.9707892,0.0,0.0,0.0,0.0,0.0,0.0,4095.0,4095.0,4095.0,4095.0,straight_drive
1775839023.986947,0.0,0.0,0.0,0.0,0.0,0.0,4095.0,4095.0,4095.0,4095.0,straight_drive
1775839024.003694,0.0,0.0,0.0,0.0,0.0,0.0,4095.0,4095.0,4095.0,4095.0,straight_drive
1775839024.0187232,0.0,0.0,0.0,0.0,0.0,0.0,4095.0,4095.0,4095.0,4095.0,straight_drive
1775839024.0221484,0.0,0.0,0.0,0.0,0.0,0.0,4095.0,4095.0,4095.0,4095.0,straight_drive
1775839024.025719,0.0,0.0,0.0,0.0,0.0,0.0,4095.0,4095.0,4095.0,4095.0,straight_drive
1775839024.0291138,0.0,0.0,0.0,0.0,0.0,0.0,4095.0,4095.0,4095.0,4095.0,straight_drive
1775839024.0330656,0.0,0.0,0.0,0.0,0.0,0.0,4095.0,4095.0,4095.0,4095.0,straight_drive
1775839024.0502021,0.0,0.0,0.0,0.0,0.0,0.0,4095.0,4095.0,4095.0,4095.0,straight_drive
1775839024.053616,0.0,0.0,0.0,0.0,0.0,0.0,4095.0,4095.0,4095.0,4095.0,straight_drive
1775839024.0805533,0.0,0.0,0.0,0.0,0.0,0.0,4095.0,4095.0,4095.0,4095.0,straight_drive
1775839024.0973608,0.0,0.0,0.0,0.0,0.0,0.0,4095.0,4095.0,4095.0,4095.0,straight_drive
1775839024.110933,0.0,0.0,0.0,0.0,0.0,0.0,4095.0,4095.0,4095.0,4095.0,straight_drive
1775839024.1150563,0.0,0.0,0.0,0.0,0.0,0.0,4095.0,4095.0,4095.0,4095.0,straight_drive
1775839024.1186936,0.0,0.0,0.0,0.0,0.0,0.0,4095.0,4095.0,4095.0,4095.0,straight_drive
1775839024.1432238,0.0,0.0,0.0,0.0,0.0,0.0,4095.0,4095.0,4095.0,4095.0,straight_drive
1775839024.1481345,0.0,0.0,0.0,0.0,0.0,0.0,4095.0,4095.0,4095.0,4095.0,straight_drive
1775839024.1531487,0.0,0.0,0.0,0.0,0.0,0.0,4095.0,4095.0,4095.0,4095.0,straight_drive
1775839024.15799,0.0,0.0,0.0,0.0,0.0,0.0,4095.0,4095.0,4095.0,4095.0,straight_drive
1775839024.1726155,0.0,0.0,0.0,0.0,0.0,0.0,4095.0,4095.0,4095.0,4095.0,straight_drive
1775839024.1759017,0.0,0.0,0.0,0.0,0.0,0.0,4095.0,4095.0,4095.0,4095.0,straight_drive
1775839024.203008,0.0,0.0,0.0,0.0,0.0,0.0,4095.0,4095.0,4095.0,4095.0,straight_drive
1775839024.2066598,0.0,0.0,0.0,0.0,0.0,0.0,4095.0,4095.0,4095.0,4095.0,straight_drive
1775839024.233906,0.0,0.0,0.0,0.0,0.0,0.0,4095.0,4095.0,4095.0,4095.0,straight_drive
1775839024.239105,0.0,0.0,0.0,0.0,0.0,0.0,4095.0,4095.0,4095.0,4095.0,straight_drive
1775839024.266163,0.0,0.0,0.0,0.0,0.0,0.0,4095.0,4095.0,4095.0,4095.0,straight_drive
1775839024.2718554,0.0,0.0,0.0,0.0,0.0,0.0,4095.0,4095.0,4095.0,4095.0,straight_drive
1775839024.299783,0.0,0.0,0.0,0.0,0.0,0.0,4095.0,4095.0,4095.0,4095.0,straight_drive
1775839024.344332,0.0,0.0,0.0,0.0,0.0,0.0,4095.0,4095.0,4095.0,4095.0,straight_drive
1775839024.3584085,0.0,0.0,0.0,0.0,0.0,0.0,4095.0,4095.0,4095.0,4095.0,straight_drive
